filename,text
00000.wav,964-69-4
00001.wav,0
00002.wav,547
00003.wav,4481-118
00004.wav,4
00005.wav,0
00006.wav,91110
00007.wav,8
00008.wav,34
00009.wav,1
00010.wav,0
00011.wav,57-080
00012.wav,111111
00013.wav,94-081
00014.wav,0
00015.wav,0
00016.wav,2
00017.wav,70176
00018.wav,01-425
00019.wav,732-67-6
00020.wav,00
00021.wav,94
00022.wav,81
00023.wav,2
00024.wav,19511
00025.wav,1
00026.wav,0
00027.wav,6225
00028.wav,14
00029.wav,02-9
00030.wav,23663
00031.wav,06
00032.wav,4
00033.wav,89-5380
00034.wav,5
00035.wav,44-16
00036.wav,3
00037.wav,9
00038.wav,72480
00039.wav,6
00040.wav,482
00041.wav,417-
00042.wav,4-
00043.wav,05
00044.wav,7
00045.wav,94-
00046.wav,6
00047.wav,0120
00048.wav,52-2
00049.wav,0
00050.wav,0
00051.wav,99
00052.wav,546
00053.wav,011030
00054.wav,2
00055.wav,00
00056.wav,04-
00057.wav,66-104
00058.wav,03
00059.wav,6
00060.wav,74444
00061.wav,79333-1
00062.wav,43
00063.wav,4
00064.wav,45
00065.wav,97935-01
00066.wav,133673
00067.wav,0320
00068.wav,644-02
00069.wav,5
00070.wav,01
00071.wav,0
00072.wav,927826668836874
00073.wav,65-1
00074.wav,28-83
00075.wav,0
00076.wav,6
00077.wav,778-5
00078.wav,4
00079.wav,437
00080.wav,212346
00081.wav,397466-4
00082.wav,0
00083.wav,472-
00084.wav,0
00085.wav,01
00086.wav,7
00087.wav,816
00088.wav,17-
00089.wav,537
00090.wav,01110
00091.wav,8
00092.wav,3078-231
00093.wav,753
00094.wav,73-5717
00095.wav,040-53464-
00096.wav,162-2
00097.wav,0
00098.wav,675177
00099.wav,958-
00100.wav,26-
00101.wav,873
00102.wav,58235344
00103.wav,953-3
00104.wav,656
00105.wav,34-61
00106.wav,120197-45
00107.wav,34
00108.wav,0
00109.wav,20
00110.wav,11
00111.wav,0
00112.wav,48
00113.wav,00
00114.wav,22
00115.wav,32
00116.wav,250
00117.wav,466-03
00118.wav,77
00119.wav,0
00120.wav,131110
00121.wav,3348
00122.wav,8698343363
00123.wav,0
00124.wav,440
00125.wav,25252
00126.wav,28
00127.wav,79-1
00128.wav,15
00129.wav,59266
00130.wav,00
00131.wav,75
00132.wav,46
00133.wav,443
00134.wav,1
00135.wav,7
00136.wav,142
00137.wav,0
00138.wav,1380917
00139.wav,67-
00140.wav,52
00141.wav,9
00142.wav,0
00143.wav,11113112
00144.wav,00
00145.wav,3
00146.wav,695-6
00147.wav,4
00148.wav,811-32-16
00149.wav,133
00150.wav,0
00151.wav,9763-
00152.wav,64113375
00153.wav,0
00154.wav,05
00155.wav,29731-66
00156.wav,170-32
00157.wav,5
00158.wav,465-36
00159.wav,4
00160.wav,01
00161.wav,12043-423
00162.wav,6
00163.wav,0
00164.wav,16
00165.wav,4
00166.wav,5
00167.wav,53
00168.wav,42
00169.wav,75794-2
00170.wav,1
00171.wav,3684362322
00172.wav,206
00173.wav,0
00174.wav,0
00175.wav,50
00176.wav,9641
00177.wav,196448-64
00178.wav,00
00179.wav,2
00180.wav,11
00181.wav,4444
00182.wav,3
00183.wav,6510758
00184.wav,81981-
00185.wav,65526538
00186.wav,7248-82-26
00187.wav,8261
00188.wav,27-98-4
00189.wav,7822-
00190.wav,0
00191.wav,5
00192.wav,0
00193.wav,80-
00194.wav,0363324
00195.wav,6807-4
00196.wav,38
00197.wav,647
00198.wav,5861
00199.wav,0
00200.wav,8
00201.wav,46-6
00202.wav,071
00203.wav,5
00204.wav,997
00205.wav,7517
00206.wav,2
00207.wav,713485-528
00208.wav,42-3074
00209.wav,59
00210.wav,8
00211.wav,676744
00212.wav,48-38-4
00213.wav,59
00214.wav,46
00215.wav,11-81-59
00216.wav,61147
00217.wav,10
00218.wav,011113
00219.wav,95-63
00220.wav,185787
00221.wav,754
00222.wav,23-70
00223.wav,166
00224.wav,7
00225.wav,4
00226.wav,0
00227.wav,6
00228.wav,39
00229.wav,0
00230.wav,2
00231.wav,3
00232.wav,5
00233.wav,9446442644648
00234.wav,046
00235.wav,8
00236.wav,7
00237.wav,69576
00238.wav,280
00239.wav,0
00240.wav,4
00241.wav,0
00242.wav,0
00243.wav,63-58
00244.wav,5
00245.wav,6633363646
00246.wav,01
00247.wav,54963-43
00248.wav,6
00249.wav,02227
00250.wav,17-154
00251.wav,9
00252.wav,343
00253.wav,580
00254.wav,6--352
00255.wav,5
00256.wav,011
00257.wav,08
00258.wav,08
00259.wav,5-2
00260.wav,4
00261.wav,63-8
00262.wav,0
00263.wav,01
00264.wav,2602692-
00265.wav,0
00266.wav,15
00267.wav,246446
00268.wav,238483838
00269.wav,0
00270.wav,8
00271.wav,9
00272.wav,233-97
00273.wav,517-373
00274.wav,38
00275.wav,0
00276.wav,9
00277.wav,7875
00278.wav,26-
00279.wav,33
00280.wav,8
00281.wav,316957
00282.wav,77
00283.wav,1113961
00284.wav,20-69479
00285.wav,498-
00286.wav,1
00287.wav,37
00288.wav,005
00289.wav,0
00290.wav,4-
00291.wav,16
00292.wav,0
00293.wav,94
00294.wav,6
00295.wav,684-
00296.wav,8
00297.wav,3
00298.wav,0
00299.wav,00
00300.wav,7395
00301.wav,99
00302.wav,448
00303.wav,0
00304.wav,63468
00305.wav,938-64
00306.wav,0
00307.wav,67654
00308.wav,46-6
00309.wav,4-8
00310.wav,7322-
00311.wav,79-
00312.wav,1
00313.wav,0
00314.wav,9456555643
00315.wav,066399
00316.wav,1
00317.wav,5
00318.wav,0
00319.wav,0
00320.wav,2
00321.wav,16
00322.wav,497
00323.wav,0
00324.wav,9
00325.wav,37581-247-
00326.wav,32744
00327.wav,89
00328.wav,085372
00329.wav,1
00330.wav,0236
00331.wav,8
00332.wav,1
00333.wav,83
00334.wav,06
00335.wav,21-7
00336.wav,2-2
00337.wav,54
00338.wav,63328
00339.wav,186-569
00340.wav,5
00341.wav,83
00342.wav,20131
00343.wav,636-524354
00344.wav,259-09
00345.wav,92-0386-30
00346.wav,62
00347.wav,23-4
00348.wav,0
00349.wav,31
00350.wav,83
00351.wav,1
00352.wav,525364426
00353.wav,0
00354.wav,995-6892
00355.wav,1
00356.wav,7
00357.wav,904-50
00358.wav,303-2
00359.wav,028
00360.wav,81
00361.wav,1
00362.wav,599-2
00363.wav,0
00364.wav,155009730
00365.wav,0
00366.wav,6
00367.wav,739-2
00368.wav,0
00369.wav,8
00370.wav,2
00371.wav,2
00372.wav,1178594
00373.wav,0
00374.wav,288
00375.wav,1861-
00376.wav,3525
00377.wav,605
00378.wav,98-73
00379.wav,0
00380.wav,700-8
00381.wav,1
00382.wav,42
00383.wav,70
00384.wav,245
00385.wav,4063
00386.wav,903-43
00387.wav,1
00388.wav,955652662651
00389.wav,41-8
00390.wav,1
00391.wav,0406353-
00392.wav,33
00393.wav,8777365-48
00394.wav,85
00395.wav,8
00396.wav,4
00397.wav,0
00398.wav,4346846543
00399.wav,1
00400.wav,34
00401.wav,7
00402.wav,25
00403.wav,110
00404.wav,929
00405.wav,9140
00406.wav,2
00407.wav,99
00408.wav,1
00409.wav,876
00410.wav,00
00411.wav,0
00412.wav,2666564566
00413.wav,9
00414.wav,8
00415.wav,4357-7-
00416.wav,6-4
00417.wav,637
00418.wav,9
00419.wav,43
00420.wav,2456-9
00421.wav,9
00422.wav,01
00423.wav,63
00424.wav,1
00425.wav,1895-2752
00426.wav,1544
00427.wav,4
00428.wav,71
00429.wav,1
00430.wav,4480175
00431.wav,73
00432.wav,957
00433.wav,01111111
00434.wav,26
00435.wav,9
00436.wav,55-0
00437.wav,993
00438.wav,621
00439.wav,01
00440.wav,0
00441.wav,96-
00442.wav,0
00443.wav,62411
00444.wav,2646
00445.wav,0
00446.wav,0
00447.wav,4
00448.wav,8265423
00449.wav,0
00450.wav,355-1
00451.wav,7
00452.wav,537437
00453.wav,33480967
00454.wav,36-0
00455.wav,00
00456.wav,670-5534
00457.wav,0
00458.wav,96
00459.wav,9
00460.wav,429482
00461.wav,111113311
00462.wav,59-23
00463.wav,12-28385
00464.wav,82
00465.wav,0474-81
00466.wav,4
00467.wav,73
00468.wav,747677266636
00469.wav,6
00470.wav,2
00471.wav,01-67
00472.wav,73
00473.wav,5
00474.wav,8326-
00475.wav,2
00476.wav,8
00477.wav,83
00478.wav,9
00479.wav,0
00480.wav,52-
00481.wav,54-
00482.wav,1
00483.wav,44-875
00484.wav,43
00485.wav,80
00486.wav,04
00487.wav,000-
00488.wav,0274-75
00489.wav,1
00490.wav,92-26-
00491.wav,17-
00492.wav,338
00493.wav,8
00494.wav,5
00495.wav,238-4
00496.wav,74
00497.wav,6
00498.wav,1
00499.wav,759-71975
00500.wav,412
00501.wav,6299
00502.wav,3-24
00503.wav,54
00504.wav,2938
00505.wav,072462663
00506.wav,0125-6
00507.wav,43
00508.wav,99
00509.wav,48-8
00510.wav,678
00511.wav,0
00512.wav,1
00513.wav,011
00514.wav,60-4
00515.wav,644
00516.wav,123
00517.wav,91242
00518.wav,1
00519.wav,3
00520.wav,0110
00521.wav,3
00522.wav,516316
00523.wav,55-1
00524.wav,7
00525.wav,9534-83-
00526.wav,7681
00527.wav,131
00528.wav,0416
00529.wav,4
00530.wav,6
00531.wav,8062256
00532.wav,3
00533.wav,6
00534.wav,555
00535.wav,3224
00536.wav,54265656165
00537.wav,8
00538.wav,2
00539.wav,010
00540.wav,76-
00541.wav,1395
00542.wav,64
00543.wav,92724649-
00544.wav,0
00545.wav,85-21
00546.wav,0642
00547.wav,1
00548.wav,1
00549.wav,4
00550.wav,99
00551.wav,01
00552.wav,85479-101
00553.wav,372-20-
00554.wav,72554
00555.wav,1
00556.wav,08706-4
00557.wav,31828
00558.wav,4
00559.wav,854-26
00560.wav,55399
00561.wav,8336-701
00562.wav,81-
00563.wav,4
00564.wav,71
00565.wav,95-
00566.wav,2578
00567.wav,970
00568.wav,0
00569.wav,00
00570.wav,4
00571.wav,340
00572.wav,0
00573.wav,5
00574.wav,0
00575.wav,009-3
00576.wav,2
00577.wav,0
00578.wav,76-6
00579.wav,9272776
00580.wav,6-2--
00581.wav,5
00582.wav,0
00583.wav,7
00584.wav,610
00585.wav,9
00586.wav,0
00587.wav,1
00588.wav,0
00589.wav,3
00590.wav,313-
00591.wav,7
00592.wav,70
00593.wav,801324
00594.wav,0
00595.wav,38-45
00596.wav,184
00597.wav,604--
00598.wav,170-
00599.wav,5
00600.wav,1
00601.wav,642
00602.wav,851
00603.wav,9
00604.wav,4-27
00605.wav,36883753
00606.wav,08-
00607.wav,79-612
00608.wav,93424
00609.wav,0
00610.wav,3
00611.wav,0
00612.wav,0
00613.wav,491
00614.wav,4646
00615.wav,2
00616.wav,8-5
00617.wav,61--20-1
00618.wav,646446
00619.wav,486
00620.wav,18-4
00621.wav,42-2
00622.wav,9
00623.wav,0
00624.wav,289-9
00625.wav,52
00626.wav,0
00627.wav,0364
00628.wav,959
00629.wav,1528
00630.wav,0
00631.wav,39
00632.wav,5
00633.wav,444222
00634.wav,31-
00635.wav,111110111
00636.wav,00
00637.wav,0
00638.wav,58843
00639.wav,0
00640.wav,7
00641.wav,0
00642.wav,9
00643.wav,0
00644.wav,438339-
00645.wav,11
00646.wav,32-
00647.wav,193-58-1
00648.wav,327
00649.wav,284718
00650.wav,2513
00651.wav,707938-76
00652.wav,576
00653.wav,53-38
00654.wav,9574-1
00655.wav,0
00656.wav,05
00657.wav,391
00658.wav,38
00659.wav,0
00660.wav,81
00661.wav,0
00662.wav,9420
00663.wav,830-
00664.wav,3
00665.wav,58098-5
00666.wav,10072
00667.wav,05
00668.wav,0
00669.wav,640244
00670.wav,6
00671.wav,5
00672.wav,715
00673.wav,8
00674.wav,463513262542
00675.wav,5
00676.wav,8
00677.wav,1
00678.wav,2777
00679.wav,0
00680.wav,0-0
00681.wav,0313
00682.wav,682861-87
00683.wav,8
00684.wav,21-88
00685.wav,1
00686.wav,541-
00687.wav,5
00688.wav,762-33
00689.wav,7
00690.wav,1
00691.wav,53-0
00692.wav,0
00693.wav,202-2
00694.wav,318
00695.wav,43
00696.wav,0
00697.wav,650024
00698.wav,0
00699.wav,98-12-8
00700.wav,356566944
00701.wav,0
00702.wav,18
00703.wav,0
00704.wav,8
00705.wav,0
00706.wav,0
00707.wav,2788
00708.wav,9
00709.wav,340
00710.wav,16344-7
00711.wav,45
00712.wav,291
00713.wav,13
00714.wav,5
00715.wav,68-1
00716.wav,2
00717.wav,57
00718.wav,55-
00719.wav,044
00720.wav,309074
00721.wav,0
00722.wav,7989864
00723.wav,88
00724.wav,5
00725.wav,62-4350305
00726.wav,9379-
00727.wav,2
00728.wav,385
00729.wav,04
00730.wav,6-1096
00731.wav,0
00732.wav,4
00733.wav,471-071-
00734.wav,3756-18
00735.wav,1
00736.wav,0
00737.wav,436
00738.wav,7
00739.wav,3
00740.wav,0
00741.wav,41-6
00742.wav,441-584
00743.wav,0
00744.wav,54-
00745.wav,42
00746.wav,5041-
00747.wav,8314-5
00748.wav,9408
00749.wav,036
00750.wav,30
00751.wav,0
00752.wav,99-01-2
00753.wav,90
00754.wav,9972
00755.wav,0
00756.wav,95-82
00757.wav,0
00758.wav,44
00759.wav,881
00760.wav,6
00761.wav,0
00762.wav,0
00763.wav,614
00764.wav,08479-2
00765.wav,23043
00766.wav,2
00767.wav,4
00768.wav,1
00769.wav,1636
00770.wav,253
00771.wav,63-8
00772.wav,0
00773.wav,4796-89
00774.wav,0
00775.wav,00
00776.wav,29-82
00777.wav,0
00778.wav,66
00779.wav,778
00780.wav,0
00781.wav,0
00782.wav,0
00783.wav,0
00784.wav,59
00785.wav,5063
00786.wav,4
00787.wav,01
00788.wav,0
00789.wav,2546274565646
00790.wav,88
00791.wav,4
00792.wav,6646465652
00793.wav,75
00794.wav,11
00795.wav,0
00796.wav,2
00797.wav,080-039
00798.wav,06
00799.wav,4441
00800.wav,893
00801.wav,293
00802.wav,94-1354
00803.wav,011010
00804.wav,18
00805.wav,542
00806.wav,003-505
00807.wav,57
00808.wav,1
00809.wav,0
00810.wav,18275
00811.wav,36659
00812.wav,2
00813.wav,000
00814.wav,950
00815.wav,822-76-
00816.wav,482
00817.wav,0
00818.wav,30
00819.wav,11
00820.wav,932914-
00821.wav,1
00822.wav,47
00823.wav,24-54
00824.wav,80
00825.wav,0
00826.wav,7
00827.wav,3
00828.wav,23205-417
00829.wav,338
00830.wav,84-
00831.wav,440
00832.wav,111
00833.wav,97-10
00834.wav,52-
00835.wav,111
00836.wav,53510482-
00837.wav,30
00838.wav,6
00839.wav,560-4-
00840.wav,9
00841.wav,851134447
00842.wav,064
00843.wav,05
00844.wav,40-53
00845.wav,3
00846.wav,0
00847.wav,74-
00848.wav,359386
00849.wav,6
00850.wav,55-83142
00851.wav,50
00852.wav,00
00853.wav,56
00854.wav,9
00855.wav,4
00856.wav,766-1
00857.wav,61-86-3
00858.wav,0
00859.wav,3
00860.wav,0
00861.wav,687
00862.wav,72-0827-
00863.wav,419
00864.wav,37281
00865.wav,0
00866.wav,0
00867.wav,11
00868.wav,00-
00869.wav,76-83839
00870.wav,26-08365
00871.wav,749-
00872.wav,71389
00873.wav,10
00874.wav,20-0
00875.wav,20-172-13
00876.wav,3
00877.wav,5
00878.wav,2858-3
00879.wav,44365
00880.wav,0
00881.wav,004
00882.wav,85
00883.wav,4
00884.wav,572851
00885.wav,683332
00886.wav,41
00887.wav,541
00888.wav,842173
00889.wav,0
00890.wav,31-
00891.wav,7
00892.wav,5
00893.wav,2-1-35-2
00894.wav,103108
00895.wav,1
00896.wav,52
00897.wav,05-0
00898.wav,8
00899.wav,1
00900.wav,37-0
00901.wav,8
00902.wav,379-787
00903.wav,4289-39-
00904.wav,74129797-1
00905.wav,40
00906.wav,46-37
00907.wav,3
00908.wav,4
00909.wav,361-0
00910.wav,6
00911.wav,5263771746355
00912.wav,43464510
00913.wav,0
00914.wav,946
00915.wav,31-
00916.wav,99-70
00917.wav,49
00918.wav,2
00919.wav,18-
00920.wav,1326
00921.wav,0111111110
00922.wav,775-
00923.wav,99891
00924.wav,547
00925.wav,1297-97-23
00926.wav,12
00927.wav,66
00928.wav,4151
00929.wav,64-580
00930.wav,4
00931.wav,01
00932.wav,2
00933.wav,7-
00934.wav,9456647
00935.wav,534-
00936.wav,000
00937.wav,0
00938.wav,49-
00939.wav,3
00940.wav,2888-23
00941.wav,80
00942.wav,8430-50
00943.wav,14440
00944.wav,1
00945.wav,2
00946.wav,44
00947.wav,211
00948.wav,4
00949.wav,872
00950.wav,959
00951.wav,335667
00952.wav,6266565
00953.wav,42
00954.wav,12261429-639
00955.wav,0
00956.wav,3
00957.wav,24-588-
00958.wav,2
00959.wav,77
00960.wav,9
00961.wav,622
00962.wav,1
00963.wav,68
00964.wav,0
00965.wav,0
00966.wav,504-6566-
00967.wav,4
00968.wav,645266664
00969.wav,95-70
00970.wav,6353338
00971.wav,227-
00972.wav,28
00973.wav,81517
00974.wav,9999
00975.wav,749
00976.wav,5
00977.wav,223238-
00978.wav,97-14
00979.wav,0
00980.wav,0
00981.wav,0
00982.wav,88-3
00983.wav,7
00984.wav,08
00985.wav,7612860--8
00986.wav,98
00987.wav,034
00988.wav,87-91
00989.wav,70
00990.wav,4
00991.wav,0
00992.wav,0
00993.wav,8
00994.wav,0
00995.wav,530-1
00996.wav,47-
00997.wav,18
00998.wav,93-51
00999.wav,8
01000.wav,49219
01001.wav,73
01002.wav,1
01003.wav,0
01004.wav,182210-
01005.wav,2365
01006.wav,9
01007.wav,397-3
01008.wav,36-
01009.wav,9
01010.wav,0
01011.wav,8618-
01012.wav,772
01013.wav,74
01014.wav,0
01015.wav,63
01016.wav,2
01017.wav,94-0
01018.wav,66
01019.wav,30
01020.wav,53353289
01021.wav,010
01022.wav,2-1-
01023.wav,72
01024.wav,45288
01025.wav,1
01026.wav,79-65512
01027.wav,403
01028.wav,38088
01029.wav,9
01030.wav,087-43
01031.wav,43
01032.wav,9--
01033.wav,75
01034.wav,37
01035.wav,186543576867
01036.wav,01
01037.wav,5875720
01038.wav,33
01039.wav,57
01040.wav,165
01041.wav,5534406-49
01042.wav,6--
01043.wav,0
01044.wav,9
01045.wav,9
01046.wav,00
01047.wav,5
01048.wav,0
01049.wav,86-
01050.wav,5
01051.wav,68692-9658
01052.wav,381
01053.wav,0
01054.wav,85
01055.wav,853
01056.wav,76-34-6
01057.wav,666
01058.wav,2-202
01059.wav,78-
01060.wav,8
01061.wav,91-1113
01062.wav,95
01063.wav,42
01064.wav,74371
01065.wav,0
01066.wav,9680
01067.wav,67-2
01068.wav,93533
01069.wav,525-100731
01070.wav,388-0
01071.wav,5
01072.wav,5653
01073.wav,2
01074.wav,8
01075.wav,95
01076.wav,825713
01077.wav,27-0018-
01078.wav,69-
01079.wav,0
01080.wav,1-
01081.wav,04
01082.wav,0
01083.wav,8
01084.wav,475-9
01085.wav,86-57-62-8
01086.wav,40-47503-7
01087.wav,1
01088.wav,5
01089.wav,1715
01090.wav,2
01091.wav,1
01092.wav,895455539
01093.wav,37-31-
01094.wav,9931
01095.wav,73-663
01096.wav,0
01097.wav,11
01098.wav,0
01099.wav,60
01100.wav,1444443
01101.wav,34-
01102.wav,07-26-1266
01103.wav,6
01104.wav,02-9
01105.wav,237
01106.wav,5671
01107.wav,3745
01108.wav,917
01109.wav,644444
01110.wav,8
01111.wav,743-1497
01112.wav,01
01113.wav,0
01114.wav,2638
01115.wav,071126-5262
01116.wav,2
01117.wav,452
01118.wav,72-58136
01119.wav,82
01120.wav,054-20
01121.wav,0
01122.wav,0
01123.wav,22
01124.wav,4252
01125.wav,1
01126.wav,0
01127.wav,01
01128.wav,423328
01129.wav,61-5
01130.wav,5
01131.wav,1
01132.wav,6224-77-
01133.wav,14646241
01134.wav,28
01135.wav,8165
01136.wav,044644
01137.wav,3
01138.wav,5
01139.wav,4
01140.wav,01
01141.wav,5
01142.wav,0
01143.wav,1
01144.wav,0
01145.wav,01
01146.wav,55
01147.wav,733
01148.wav,2361
01149.wav,4
01150.wav,10
01151.wav,7
01152.wav,4435-52
01153.wav,18
01154.wav,01
01155.wav,5
01156.wav,1
01157.wav,91-
01158.wav,32-47
01159.wav,90
01160.wav,0
01161.wav,844-
01162.wav,0
01163.wav,4
01164.wav,0
01165.wav,46-733
01166.wav,3265-3428
01167.wav,45055-
01168.wav,00
01169.wav,7
01170.wav,457497-
01171.wav,508
01172.wav,3
01173.wav,3
01174.wav,6452
01175.wav,9
01176.wav,0
01177.wav,0
01178.wav,624
01179.wav,880-
01180.wav,96-599
01181.wav,52
01182.wav,1026-8
01183.wav,13
01184.wav,811-9
01185.wav,64-2555-4
01186.wav,01
01187.wav,99633-
01188.wav,0
01189.wav,11
01190.wav,194-2
01191.wav,19-34
01192.wav,52
01193.wav,4
01194.wav,500-
01195.wav,52
01196.wav,25-58535776
01197.wav,615
01198.wav,138-414
01199.wav,9
01200.wav,23-
01201.wav,19443
01202.wav,1675
01203.wav,9882698
01204.wav,06325
01205.wav,4565644
01206.wav,2306-44
01207.wav,17
01208.wav,4201
01209.wav,4180
01210.wav,98955-5
01211.wav,511744
01212.wav,8
01213.wav,05
01214.wav,66
01215.wav,0
01216.wav,274-52
01217.wav,15858
01218.wav,7644
01219.wav,69-955
01220.wav,510-5
01221.wav,7
01222.wav,010
01223.wav,3339
01224.wav,82-
01225.wav,68435
01226.wav,0
01227.wav,3-1
01228.wav,47
01229.wav,697
01230.wav,27
01231.wav,40-45222
01232.wav,7925-86
01233.wav,00
01234.wav,247
01235.wav,43
01236.wav,756243042
01237.wav,0
01238.wav,0
01239.wav,2
01240.wav,0555
01241.wav,7560938
01242.wav,0
01243.wav,350-131409
01244.wav,778
01245.wav,1
01246.wav,13-1
01247.wav,58
01248.wav,193083
01249.wav,64444
01250.wav,0
01251.wav,103905
01252.wav,0476-0
01253.wav,01
01254.wav,36
01255.wav,73844
01256.wav,0
01257.wav,58-7
01258.wav,300-7
01259.wav,00
01260.wav,58-545
01261.wav,60656-
01262.wav,0-037
01263.wav,93426443
01264.wav,0262-8
01265.wav,153-90
01266.wav,85
01267.wav,60
01268.wav,14
01269.wav,325530-6
01270.wav,133
01271.wav,8446-22
01272.wav,07-55-
01273.wav,530
01274.wav,789-6959
01275.wav,94
01276.wav,4754-
01277.wav,59
01278.wav,00
01279.wav,4
01280.wav,86-068-
01281.wav,7
01282.wav,91222311
01283.wav,742
01284.wav,388
01285.wav,7
01286.wav,4
01287.wav,0
01288.wav,08
01289.wav,1045-93
01290.wav,4
01291.wav,489
01292.wav,0
01293.wav,8235
01294.wav,5
01295.wav,54240-
01296.wav,456
01297.wav,4
01298.wav,2
01299.wav,9444
01300.wav,4
01301.wav,6-8252
01302.wav,4
01303.wav,71601-1633
01304.wav,7423336466336263
01305.wav,7
01306.wav,1
01307.wav,3854-4
01308.wav,072-7
01309.wav,7
01310.wav,018982
01311.wav,80
01312.wav,989-473
01313.wav,444
01314.wav,8959
01315.wav,52-
01316.wav,15-05-6
01317.wav,802
01318.wav,9
01319.wav,4
01320.wav,6183
01321.wav,10
01322.wav,02-
01323.wav,90450
01324.wav,6
01325.wav,452
01326.wav,44-
01327.wav,2
01328.wav,7353-1
01329.wav,25
01330.wav,011
01331.wav,0567
01332.wav,2
01333.wav,645-44
01334.wav,03
01335.wav,10
01336.wav,437
01337.wav,6
01338.wav,431
01339.wav,0
01340.wav,7
01341.wav,4362
01342.wav,5
01343.wav,8
01344.wav,966-55
01345.wav,0
01346.wav,6727-49-55
01347.wav,0
01348.wav,0
01349.wav,0
01350.wav,01
01351.wav,042441444
01352.wav,5965-5704
01353.wav,0
01354.wav,11-
01355.wav,6
01356.wav,8805
01357.wav,0
01358.wav,97-84-
01359.wav,80
01360.wav,5032
01361.wav,41
01362.wav,4-50
01363.wav,4664-11
01364.wav,461166
01365.wav,85-80
01366.wav,13
01367.wav,226463346433
01368.wav,882
01369.wav,8933-7
01370.wav,864-8574
01371.wav,82--
01372.wav,0
01373.wav,1
01374.wav,9737
01375.wav,919
01376.wav,621
01377.wav,5
01378.wav,528
01379.wav,3
01380.wav,7684
01381.wav,8-
01382.wav,5
01383.wav,9466-
01384.wav,772-00
01385.wav,4444
01386.wav,65
01387.wav,3940
01388.wav,57073
01389.wav,1
01390.wav,01
01391.wav,76-16258
01392.wav,1
01393.wav,0
01394.wav,4424
01395.wav,75-88-
01396.wav,3
01397.wav,96
01398.wav,5
01399.wav,941642248
01400.wav,38
01401.wav,04
01402.wav,562
01403.wav,3486213
01404.wav,47-58123
01405.wav,2933-7
01406.wav,3628-95
01407.wav,796
01408.wav,3
01409.wav,1
01410.wav,4
01411.wav,5
01412.wav,7
01413.wav,475-
01414.wav,74616-3
01415.wav,6
01416.wav,728528
01417.wav,649
01418.wav,2
01419.wav,1
01420.wav,14
01421.wav,47-
01422.wav,7734-42-745
01423.wav,09
01424.wav,0
01425.wav,4
01426.wav,5
01427.wav,9
01428.wav,72-288
01429.wav,5656
01430.wav,1611111
01431.wav,81444
01432.wav,9339
01433.wav,3
01434.wav,0
01435.wav,0
01436.wav,406644802674
01437.wav,5
01438.wav,5
01439.wav,8
01440.wav,0
01441.wav,3
01442.wav,0
01443.wav,1
01444.wav,0
01445.wav,1
01446.wav,0
01447.wav,6
01448.wav,0
01449.wav,618
01450.wav,92
01451.wav,1160
01452.wav,1
01453.wav,890-9
01454.wav,02
01455.wav,0400-
01456.wav,44368266625583644
01457.wav,446646443
01458.wav,86-1
01459.wav,23-
01460.wav,8
01461.wav,228
01462.wav,738-
01463.wav,73
01464.wav,6
01465.wav,22
01466.wav,0
01467.wav,0
01468.wav,852
01469.wav,88
01470.wav,77
01471.wav,6
01472.wav,77
01473.wav,1830435-10
01474.wav,1
01475.wav,5
01476.wav,15-25-65
01477.wav,115
01478.wav,8
01479.wav,888
01480.wav,86-32-
01481.wav,3
01482.wav,2
01483.wav,63190
01484.wav,6272
01485.wav,837
01486.wav,35-10-
01487.wav,12
01488.wav,04
01489.wav,2579
01490.wav,54666
01491.wav,686-5742
01492.wav,614-
01493.wav,9203-37
01494.wav,8
01495.wav,91
01496.wav,00
01497.wav,1
01498.wav,1
01499.wav,0
01500.wav,8374
01501.wav,6143-93-
01502.wav,1674099454
01503.wav,03
01504.wav,0
01505.wav,124-
01506.wav,985
01507.wav,0603-25
01508.wav,0
01509.wav,4683663646657689
01510.wav,6
01511.wav,070
01512.wav,76
01513.wav,720
01514.wav,0
01515.wav,706339
01516.wav,5
01517.wav,2
01518.wav,88
01519.wav,7
01520.wav,6629
01521.wav,4859-
01522.wav,0
01523.wav,03
01524.wav,236432444338824644
01525.wav,8
01526.wav,29319
01527.wav,44444
01528.wav,25-
01529.wav,1
01530.wav,28
01531.wav,03
01532.wav,14-00796
01533.wav,66
01534.wav,66
01535.wav,3660
01536.wav,5
01537.wav,1454
01538.wav,4668
01539.wav,1201-
01540.wav,557-
01541.wav,26-5202778
01542.wav,1
01543.wav,14-748
01544.wav,3
01545.wav,57
01546.wav,376637663747
01547.wav,043
01548.wav,4409
01549.wav,454
01550.wav,2
01551.wav,94854304
01552.wav,8
01553.wav,41
01554.wav,24
01555.wav,466
01556.wav,5690
01557.wav,944430
01558.wav,47-75
01559.wav,333772
01560.wav,395-
01561.wav,0
01562.wav,17
01563.wav,22
01564.wav,65-65
01565.wav,1
01566.wav,0985
01567.wav,70-93
01568.wav,454-1225705
01569.wav,5
01570.wav,42-6057-
01571.wav,0
01572.wav,0
01573.wav,95
01574.wav,5
01575.wav,0
01576.wav,492
01577.wav,6
01578.wav,10-
01579.wav,236121
01580.wav,0
01581.wav,46
01582.wav,5
01583.wav,88987
01584.wav,54
01585.wav,655
01586.wav,93-
01587.wav,69-043505-5
01588.wav,112
01589.wav,8
01590.wav,8858
01591.wav,0
01592.wav,116-
01593.wav,0
01594.wav,84-
01595.wav,8873
01596.wav,01
01597.wav,04
01598.wav,4246
01599.wav,7
01600.wav,6917-524
01601.wav,52-10-3
01602.wav,8
01603.wav,56-547
01604.wav,71
01605.wav,76
01606.wav,4
01607.wav,1
01608.wav,4
01609.wav,72-43
01610.wav,01110
01611.wav,74444-674
01612.wav,770
01613.wav,7644
01614.wav,056
01615.wav,0
01616.wav,8
01617.wav,85-914-7
01618.wav,46848-0
01619.wav,8
01620.wav,2676
01621.wav,04402
01622.wav,15556
01623.wav,0
01624.wav,4840
01625.wav,0
01626.wav,19-5
01627.wav,642
01628.wav,624
01629.wav,0
01630.wav,9179
01631.wav,0
01632.wav,0
01633.wav,285-32-3
01634.wav,64-
01635.wav,83
01636.wav,8558-
01637.wav,444444343
01638.wav,6
01639.wav,9648
01640.wav,8
01641.wav,5777747676
01642.wav,585
01643.wav,3
01644.wav,0
01645.wav,604
01646.wav,886-2
01647.wav,58
01648.wav,21252
01649.wav,415
01650.wav,30
01651.wav,0
01652.wav,4016-
01653.wav,1467
01654.wav,337
01655.wav,0704-5
01656.wav,02
01657.wav,9
01658.wav,145-4
01659.wav,3
01660.wav,0
01661.wav,91
01662.wav,810731
01663.wav,0
01664.wav,0
01665.wav,7339-
01666.wav,448244788667866
01667.wav,444-20-
01668.wav,79
01669.wav,9222
01670.wav,78645-4
01671.wav,42
01672.wav,6
01673.wav,75-1952-
01674.wav,3
01675.wav,6876
01676.wav,6678761
01677.wav,033
01678.wav,9
01679.wav,74032
01680.wav,65
01681.wav,07
01682.wav,12533
01683.wav,696-0
01684.wav,1826155
01685.wav,60-
01686.wav,43827
01687.wav,34
01688.wav,0
01689.wav,928-733
01690.wav,04
01691.wav,8
01692.wav,0
01693.wav,79886
01694.wav,299
01695.wav,20-93
01696.wav,1767-3
01697.wav,11
01698.wav,85-64
01699.wav,010
01700.wav,53
01701.wav,93051-63-
01702.wav,6
01703.wav,0
01704.wav,01
01705.wav,6
01706.wav,388-32-
01707.wav,11-
01708.wav,42-66
01709.wav,42
01710.wav,56-
01711.wav,8878
01712.wav,51-7
01713.wav,97-
01714.wav,65
01715.wav,46
01716.wav,7
01717.wav,02
01718.wav,9-
01719.wav,032
01720.wav,47
01721.wav,085-0364
01722.wav,335-8015481
01723.wav,39-25-0
01724.wav,7
01725.wav,72
01726.wav,0
01727.wav,964-
01728.wav,94196
01729.wav,523-9620
01730.wav,881
01731.wav,37-
01732.wav,03465265364539
01733.wav,334
01734.wav,89-473
01735.wav,49
01736.wav,24-9
01737.wav,0
01738.wav,046464464
01739.wav,60
01740.wav,1882
01741.wav,295
01742.wav,65129266
01743.wav,00-00
01744.wav,10-1
01745.wav,95-6405
01746.wav,3590-2
01747.wav,917
01748.wav,84
01749.wav,567-170-1
01750.wav,0
01751.wav,69
01752.wav,621
01753.wav,1
01754.wav,48
01755.wav,23-83
01756.wav,8
01757.wav,576
01758.wav,0
01759.wav,869
01760.wav,44
01761.wav,6
01762.wav,902
01763.wav,440
01764.wav,547
01765.wav,1
01766.wav,3214-1
01767.wav,00
01768.wav,355
01769.wav,44-
01770.wav,066
01771.wav,63-67613
01772.wav,0
01773.wav,446
01774.wav,3156-11
01775.wav,81
01776.wav,8840
01777.wav,461
01778.wav,36
01779.wav,7685
01780.wav,21-2
01781.wav,5
01782.wav,305539
01783.wav,2763
01784.wav,32036
01785.wav,1
01786.wav,00
01787.wav,0
01788.wav,5893533
01789.wav,8
01790.wav,5
01791.wav,327-7
01792.wav,3
01793.wav,9952531
01794.wav,87-7
01795.wav,0
01796.wav,52-759
01797.wav,85-57
01798.wav,977--
01799.wav,11-3692
01800.wav,63417
01801.wav,31-3094
01802.wav,841461-4
01803.wav,9
01804.wav,9
01805.wav,0
01806.wav,0
01807.wav,0
01808.wav,4108
01809.wav,0
01810.wav,123-198
01811.wav,56
01812.wav,0
01813.wav,8
01814.wav,9
01815.wav,43
01816.wav,9
01817.wav,36
01818.wav,1
01819.wav,337-28-
01820.wav,569-
01821.wav,011
01822.wav,01111
01823.wav,788
01824.wav,8---1-
01825.wav,642553
01826.wav,1
01827.wav,010
01828.wav,14663
01829.wav,50
01830.wav,0
01831.wav,16
01832.wav,2
01833.wav,113
01834.wav,91
01835.wav,4
01836.wav,34247
01837.wav,5
01838.wav,33925-8
01839.wav,425
01840.wav,7
01841.wav,63-16-31
01842.wav,4
01843.wav,5
01844.wav,35-6234-
01845.wav,300
01846.wav,0
01847.wav,44
01848.wav,264
01849.wav,477
01850.wav,8869905-
01851.wav,4432
01852.wav,20-11
01853.wav,477
01854.wav,4242334
01855.wav,47-
01856.wav,57
01857.wav,77
01858.wav,0
01859.wav,6164-67014
01860.wav,5
01861.wav,938358623685636956
01862.wav,0
01863.wav,78-635
01864.wav,55-3105
01865.wav,5
01866.wav,1
01867.wav,0
01868.wav,11-7
01869.wav,3410
01870.wav,79-15-8
01871.wav,03-3
01872.wav,43-
01873.wav,9203
01874.wav,01
01875.wav,409-
01876.wav,80-
01877.wav,4
01878.wav,66
01879.wav,477-16
01880.wav,62-985
01881.wav,4
01882.wav,01
01883.wav,415
01884.wav,0
01885.wav,10
01886.wav,53
01887.wav,2853-
01888.wav,8948696-69-
01889.wav,469
01890.wav,7
01891.wav,5166
01892.wav,5
01893.wav,63637216
01894.wav,712
01895.wav,0
01896.wav,06-6-
01897.wav,3635-8148
01898.wav,055-
01899.wav,0
01900.wav,284-26256
01901.wav,26-
01902.wav,5941
01903.wav,65
01904.wav,50
01905.wav,73-2
01906.wav,761
01907.wav,8
01908.wav,3
01909.wav,77-57
01910.wav,02-
01911.wav,4
01912.wav,25354-
01913.wav,9305-389-49
01914.wav,0
01915.wav,0
01916.wav,19-4
01917.wav,52
01918.wav,5
01919.wav,6
01920.wav,00
01921.wav,0
01922.wav,0
01923.wav,838
01924.wav,131-
01925.wav,985
01926.wav,5
01927.wav,72-962-3
01928.wav,67
01929.wav,65
01930.wav,3268139
01931.wav,574
01932.wav,0
01933.wav,3
01934.wav,6
01935.wav,68-8
01936.wav,449-73775
01937.wav,0
01938.wav,95
01939.wav,5
01940.wav,58
01941.wav,02168448
01942.wav,545-
01943.wav,60
01944.wav,47317
01945.wav,4586-
01946.wav,0
01947.wav,7
01948.wav,37-2
01949.wav,87-6
01950.wav,0
01951.wav,7485-
01952.wav,307
01953.wav,058
01954.wav,99
01955.wav,7
01956.wav,5
01957.wav,1
01958.wav,12450
01959.wav,850-953-7
01960.wav,75-9
01961.wav,7
01962.wav,5
01963.wav,71-42
01964.wav,40-4
01965.wav,83736-
01966.wav,0341
01967.wav,3
01968.wav,0
01969.wav,13
01970.wav,14447
01971.wav,0
01972.wav,56
01973.wav,4872-2
01974.wav,0
01975.wav,62-
01976.wav,42
01977.wav,1
01978.wav,62
01979.wav,1
01980.wav,4
01981.wav,48
01982.wav,358163743
01983.wav,4-
01984.wav,3762
01985.wav,46-
01986.wav,794
01987.wav,18
01988.wav,0
01989.wav,66
01990.wav,2753047-5
01991.wav,36781-21
01992.wav,45981
01993.wav,6376
01994.wav,64-56436
01995.wav,874-
01996.wav,49365144
01997.wav,86
01998.wav,0
01999.wav,0
02000.wav,0
02001.wav,15-
02002.wav,96-017-5
02003.wav,90378-3
02004.wav,4
02005.wav,5
02006.wav,0
02007.wav,430-07
02008.wav,1911
02009.wav,4
02010.wav,03110
02011.wav,4
02012.wav,55023
02013.wav,295-
02014.wav,18
02015.wav,01
02016.wav,4
02017.wav,0-9
02018.wav,1
02019.wav,09
02020.wav,47648
02021.wav,47116
02022.wav,55-
02023.wav,952
02024.wav,41
02025.wav,01101
02026.wav,56386-92-8
02027.wav,8756775-7
02028.wav,734162
02029.wav,144
02030.wav,2
02031.wav,0
02032.wav,569
02033.wav,6
02034.wav,1110
02035.wav,9401-7
02036.wav,0
02037.wav,0
02038.wav,9
02039.wav,440-8
02040.wav,913
02041.wav,4
02042.wav,135-
02043.wav,5876-9
02044.wav,90
02045.wav,63
02046.wav,88
02047.wav,56514
02048.wav,446
02049.wav,0
02050.wav,51392
02051.wav,1
02052.wav,8
02053.wav,01
02054.wav,63-6
02055.wav,44-
02056.wav,00
02057.wav,0
02058.wav,0
02059.wav,52
02060.wav,705
02061.wav,42
02062.wav,308
02063.wav,196852-55
02064.wav,725
02065.wav,02
02066.wav,36-53-94
02067.wav,90-
02068.wav,7558-10
02069.wav,1-
02070.wav,0
02071.wav,0422
02072.wav,8
02073.wav,25232-
02074.wav,20-0
02075.wav,0130
02076.wav,6444249
02077.wav,0387
02078.wav,03
02079.wav,4334633
02080.wav,52-2
02081.wav,32
02082.wav,0-12131
02083.wav,2775943598
02084.wav,00
02085.wav,89-14-64-
02086.wav,25
02087.wav,51-35
02088.wav,34-
02089.wav,5
02090.wav,433432
02091.wav,697-46849
02092.wav,2177-
02093.wav,456-386973
02094.wav,6
02095.wav,83
02096.wav,99
02097.wav,01
02098.wav,1
02099.wav,81
02100.wav,0130
02101.wav,904-
02102.wav,90-63-72
02103.wav,60
02104.wav,0
02105.wav,427684
02106.wav,1408
02107.wav,0
02108.wav,0
02109.wav,0
02110.wav,6
02111.wav,8767
02112.wav,7697
02113.wav,26482
02114.wav,0
02115.wav,6
02116.wav,4
02117.wav,738
02118.wav,5587-60
02119.wav,1
02120.wav,423-8
02121.wav,00
02122.wav,5
02123.wav,1564
02124.wav,2
02125.wav,87
02126.wav,6
02127.wav,7
02128.wav,46646657
02129.wav,27191
02130.wav,0413-
02131.wav,653449
02132.wav,55
02133.wav,564860720
02134.wav,51
02135.wav,09
02136.wav,0
02137.wav,0
02138.wav,0
02139.wav,61-957
02140.wav,963
02141.wav,75-966-26
02142.wav,96626440
02143.wav,3966420-542-
02144.wav,1604-
02145.wav,0000
02146.wav,5
02147.wav,4-3
02148.wav,0111
02149.wav,0341626
02150.wav,96
02151.wav,845
02152.wav,0
02153.wav,1
02154.wav,1
02155.wav,96387
02156.wav,0
02157.wav,6359
02158.wav,0
02159.wav,32
02160.wav,61-8
02161.wav,7
02162.wav,234
02163.wav,800166
02164.wav,68164-0
02165.wav,00
02166.wav,08-514358
02167.wav,68
02168.wav,2
02169.wav,4
02170.wav,8585-2
02171.wav,627-68-878
02172.wav,90
02173.wav,77623-
02174.wav,0
02175.wav,1663367
02176.wav,9
02177.wav,3
02178.wav,53-9
02179.wav,1000-2
02180.wav,64-0
02181.wav,4223539
02182.wav,9
02183.wav,1
02184.wav,71
02185.wav,793
02186.wav,0
02187.wav,3
02188.wav,6828
02189.wav,0
02190.wav,66-1
02191.wav,015
02192.wav,33
02193.wav,69
02194.wav,9
02195.wav,2
02196.wav,6
02197.wav,62
02198.wav,6
02199.wav,6
02200.wav,444263
02201.wav,3
02202.wav,4236
02203.wav,8
02204.wav,4
02205.wav,27
02206.wav,7108-01
02207.wav,1
02208.wav,0
02209.wav,49-
02210.wav,7644
02211.wav,7146-8
02212.wav,25-94
02213.wav,0
02214.wav,72-9
02215.wav,4
02216.wav,39
02217.wav,277-1
02218.wav,4892
02219.wav,118135-24
02220.wav,00
02221.wav,44
02222.wav,84-1
02223.wav,05
02224.wav,856
02225.wav,0
02226.wav,977-843
02227.wav,63-9
02228.wav,4
02229.wav,69-5
02230.wav,0
02231.wav,594-
02232.wav,9341-394
02233.wav,50-
02234.wav,73085-
02235.wav,266
02236.wav,29
02237.wav,9-4
02238.wav,1
02239.wav,44063
02240.wav,637-41
02241.wav,1
02242.wav,270868
02243.wav,394502-
02244.wav,4464654469
02245.wav,51
02246.wav,7
02247.wav,0
02248.wav,09270
02249.wav,0
02250.wav,851
02251.wav,0
02252.wav,2
02253.wav,44284
02254.wav,0
02255.wav,410927296
02256.wav,17-1
02257.wav,81786
02258.wav,9295-65
02259.wav,0
02260.wav,5
02261.wav,1
02262.wav,0
02263.wav,40
02264.wav,842638686455686
02265.wav,9
02266.wav,281-6914
02267.wav,0
02268.wav,8
02269.wav,919-6
02270.wav,0065
02271.wav,40
02272.wav,032
02273.wav,38611-4
02274.wav,9
02275.wav,2868
02276.wav,5
02277.wav,37
02278.wav,08
02279.wav,9
02280.wav,12-
02281.wav,072
02282.wav,11310
02283.wav,26942-
02284.wav,59
02285.wav,38
02286.wav,2
02287.wav,0
02288.wav,79
02289.wav,7907
02290.wav,03
02291.wav,0
02292.wav,08
02293.wav,4190-794
02294.wav,80
02295.wav,0775-
02296.wav,88716
02297.wav,6
02298.wav,0
02299.wav,07-24
02300.wav,1111
02301.wav,7871590
02302.wav,9
02303.wav,57
02304.wav,4004-
02305.wav,1947
02306.wav,46
02307.wav,5363356664660
02308.wav,111
02309.wav,1
02310.wav,27-53
02311.wav,42208-
02312.wav,78-
02313.wav,5
02314.wav,711
02315.wav,0
02316.wav,43
02317.wav,2822-2
02318.wav,93-75890
02319.wav,325856385
02320.wav,19
02321.wav,53-94-0
02322.wav,97637-78
02323.wav,43
02324.wav,0
02325.wav,5467446
02326.wav,49-64-8
02327.wav,0
02328.wav,1556
02329.wav,199
02330.wav,00
02331.wav,5-57
02332.wav,24
02333.wav,632
02334.wav,585145-5
02335.wav,346231
02336.wav,19
02337.wav,366-77
02338.wav,00
02339.wav,5
02340.wav,38372
02341.wav,1
02342.wav,424228
02343.wav,42--77
02344.wav,51322
02345.wav,7330626
02346.wav,128351-
02347.wav,12
02348.wav,13-2
02349.wav,8
02350.wav,067290
02351.wav,74-5555
02352.wav,0
02353.wav,0
02354.wav,1829-3843
02355.wav,834
02356.wav,290-993-
02357.wav,00
02358.wav,8865
02359.wav,1464633
02360.wav,5
02361.wav,4617-62
02362.wav,9
02363.wav,5
02364.wav,0
02365.wav,28
02366.wav,9
02367.wav,77-6
02368.wav,06
02369.wav,39
02370.wav,4
02371.wav,269
02372.wav,0
02373.wav,0
02374.wav,73
02375.wav,583
02376.wav,26
02377.wav,589
02378.wav,7653-47307-8
02379.wav,08125
02380.wav,44
02381.wav,03294
02382.wav,56
02383.wav,5
02384.wav,0
02385.wav,08
02386.wav,474535838-5
02387.wav,3510
02388.wav,3982
02389.wav,46718-7282
02390.wav,951125
02391.wav,001
02392.wav,30-
02393.wav,7
02394.wav,69
02395.wav,652
02396.wav,912
02397.wav,7
02398.wav,5-656
02399.wav,89-1
02400.wav,4-
02401.wav,18-16
02402.wav,87
02403.wav,057
02404.wav,05
02405.wav,60-52
02406.wav,3
02407.wav,1
02408.wav,1
02409.wav,0
02410.wav,929
02411.wav,65226644
02412.wav,52
02413.wav,52
02414.wav,0
02415.wav,3
02416.wav,0
02417.wav,8838
02418.wav,587-20
02419.wav,6
02420.wav,10
02421.wav,97-8
02422.wav,87
02423.wav,89
02424.wav,8036
02425.wav,4
02426.wav,0266
02427.wav,237-
02428.wav,1
02429.wav,8453-
02430.wav,9
02431.wav,0
02432.wav,3
02433.wav,28
02434.wav,484580
02435.wav,524
02436.wav,0
02437.wav,0
02438.wav,0
02439.wav,4
02440.wav,799
02441.wav,7
02442.wav,11
02443.wav,99
02444.wav,7
02445.wav,83752
02446.wav,67
02447.wav,95
02448.wav,872-
02449.wav,4
02450.wav,05
02451.wav,67229-5727
02452.wav,85799
02453.wav,65
02454.wav,058
02455.wav,051041
02456.wav,0
02457.wav,3115
02458.wav,924
02459.wav,452-71
02460.wav,1
02461.wav,4444426
02462.wav,01-4
02463.wav,1
02464.wav,0
02465.wav,16495-
02466.wav,016
02467.wav,5
02468.wav,0
02469.wav,0
02470.wav,119-
02471.wav,05
02472.wav,00
02473.wav,0
02474.wav,553-64
02475.wav,0
02476.wav,61616470
02477.wav,064
02478.wav,4
02479.wav,684-
02480.wav,9
02481.wav,0
02482.wav,44644
02483.wav,526-
02484.wav,9
02485.wav,4
02486.wav,4574-462
02487.wav,47
02488.wav,21-
02489.wav,1
02490.wav,6
02491.wav,0
02492.wav,6
02493.wav,0
02494.wav,4
02495.wav,3
02496.wav,152
02497.wav,683
02498.wav,62734
02499.wav,350-
02500.wav,442
02501.wav,6
02502.wav,59
02503.wav,67-5-2
02504.wav,11-
02505.wav,0
02506.wav,60
02507.wav,0
02508.wav,0
02509.wav,6541
02510.wav,30-8
02511.wav,8
02512.wav,77-
02513.wav,23
02514.wav,5
02515.wav,75-5
02516.wav,31--64
02517.wav,367-556
02518.wav,7692
02519.wav,20
02520.wav,8
02521.wav,2823
02522.wav,647640
02523.wav,4
02524.wav,35-61
02525.wav,19
02526.wav,6
02527.wav,0
02528.wav,3814-98
02529.wav,74276-25
02530.wav,5221
02531.wav,11-
02532.wav,03
02533.wav,845944
02534.wav,3684-105-
02535.wav,80
02536.wav,162
02537.wav,321
02538.wav,72
02539.wav,14
02540.wav,53-29494
02541.wav,0
02542.wav,11
02543.wav,92290
02544.wav,700123
02545.wav,9
02546.wav,04436646661
02547.wav,667-8
02548.wav,7781-26
02549.wav,65-62-60
02550.wav,54666
02551.wav,2--15793
02552.wav,111
02553.wav,36-
02554.wav,9999466946
02555.wav,68
02556.wav,23
02557.wav,27
02558.wav,106-21
02559.wav,5
02560.wav,879530
02561.wav,7
02562.wav,00
02563.wav,146
02564.wav,8
02565.wav,5
02566.wav,71
02567.wav,47-695
02568.wav,39
02569.wav,41
02570.wav,0
02571.wav,9
02572.wav,501
02573.wav,0
02574.wav,9
02575.wav,0
02576.wav,4067
02577.wav,1
02578.wav,0
02579.wav,0
02580.wav,9243261
02581.wav,48
02582.wav,53
02583.wav,16
02584.wav,861
02585.wav,1
02586.wav,840
02587.wav,937
02588.wav,6
02589.wav,3
02590.wav,6
02591.wav,86-9
02592.wav,0
02593.wav,06044-857
02594.wav,86-7779-
02595.wav,2731953
02596.wav,93-1
02597.wav,3
02598.wav,0
02599.wav,44175
02600.wav,30
02601.wav,31
02602.wav,692196-5
02603.wav,971
02604.wav,20
02605.wav,01111
02606.wav,17-1
02607.wav,7
02608.wav,3884-
02609.wav,6
02610.wav,7
02611.wav,361
02612.wav,69
02613.wav,146448
02614.wav,0
02615.wav,1
02616.wav,08
02617.wav,51253
02618.wav,6787-11
02619.wav,8
02620.wav,832
02621.wav,8-02923
02622.wav,624
02623.wav,3
02624.wav,99-5
02625.wav,08-3
02626.wav,765430375
02627.wav,2126120
02628.wav,517
02629.wav,38479-
02630.wav,836271823647656688
02631.wav,0
02632.wav,63135
02633.wav,32
02634.wav,83
02635.wav,910-42-7
02636.wav,2
02637.wav,045050
02638.wav,44
02639.wav,42-
02640.wav,50
02641.wav,12111
02642.wav,0
02643.wav,175-
02644.wav,8686-75-
02645.wav,54
02646.wav,010
02647.wav,04361-
02648.wav,2686536333
02649.wav,064-86-
02650.wav,0
02651.wav,8343
02652.wav,1
02653.wav,013
02654.wav,223-
02655.wav,4428
02656.wav,0
02657.wav,0
02658.wav,93-26669
02659.wav,78226
02660.wav,0275234901
02661.wav,52
02662.wav,03-4
02663.wav,094857
02664.wav,478166
02665.wav,75
02666.wav,0
02667.wav,00
02668.wav,4
02669.wav,01
02670.wav,166-
02671.wav,563
02672.wav,33
02673.wav,0
02674.wav,6683
02675.wav,4-
02676.wav,0
02677.wav,758
02678.wav,9446
02679.wav,1213183998
02680.wav,5106-2
02681.wav,48-6
02682.wav,2
02683.wav,741-
02684.wav,82-2
02685.wav,04179
02686.wav,5886
02687.wav,625
02688.wav,2
02689.wav,0
02690.wav,44
02691.wav,31
02692.wav,3
02693.wav,3
02694.wav,4278-16
02695.wav,621-
02696.wav,0
02697.wav,0
02698.wav,4990
02699.wav,5705716-850
02700.wav,2824
02701.wav,331218
02702.wav,919
02703.wav,19-5
02704.wav,211111121
02705.wav,96250
02706.wav,46-643
02707.wav,7
02708.wav,256-2069
02709.wav,0
02710.wav,6
02711.wav,5
02712.wav,010
02713.wav,0
02714.wav,0
02715.wav,0
02716.wav,7
02717.wav,56-005
02718.wav,0
02719.wav,01
02720.wav,1942
02721.wav,229382
02722.wav,46638568660
02723.wav,9
02724.wav,088
02725.wav,0
02726.wav,033-2
02727.wav,4
02728.wav,1
02729.wav,2985875
02730.wav,1
02731.wav,059
02732.wav,0
02733.wav,0
02734.wav,1
02735.wav,0
02736.wav,97
02737.wav,05
02738.wav,17-8
02739.wav,0
02740.wav,776-
02741.wav,6
02742.wav,33-6035-2
02743.wav,523
02744.wav,4
02745.wav,0923-
02746.wav,3
02747.wav,583
02748.wav,871
02749.wav,9169
02750.wav,6664
02751.wav,151-
02752.wav,467-
02753.wav,5275-70
02754.wav,6453-5--7
02755.wav,91
02756.wav,0
02757.wav,71-2504
02758.wav,614-65587
02759.wav,642-538150
02760.wav,535-376
02761.wav,2451
02762.wav,77734
02763.wav,697-70243-
02764.wav,5
02765.wav,9
02766.wav,6047883
02767.wav,65
02768.wav,6
02769.wav,4341
02770.wav,11
02771.wav,20
02772.wav,0
02773.wav,437267446576
02774.wav,4929
02775.wav,0
02776.wav,874788486
02777.wav,7191-
02778.wav,2
02779.wav,3967375
02780.wav,2
02781.wav,48
02782.wav,244
02783.wav,1
02784.wav,00-0
02785.wav,0
02786.wav,0539
02787.wav,42-
02788.wav,0
02789.wav,04-64
02790.wav,46
02791.wav,4
02792.wav,1
02793.wav,541-
02794.wav,9
02795.wav,46637844
02796.wav,0211271
02797.wav,4
02798.wav,44446
02799.wav,42
02800.wav,64123-382
02801.wav,9
02802.wav,0
02803.wav,50
02804.wav,66
02805.wav,03
02806.wav,9
02807.wav,595-45-3
02808.wav,153
02809.wav,61
02810.wav,2833
02811.wav,93033
02812.wav,171
02813.wav,1
02814.wav,555
02815.wav,0
02816.wav,653-
02817.wav,4-
02818.wav,0
02819.wav,76100-16
02820.wav,8
02821.wav,0
02822.wav,3
02823.wav,968
02824.wav,0
02825.wav,6
02826.wav,4
02827.wav,5919-5
02828.wav,0
02829.wav,0
02830.wav,321
02831.wav,0441
02832.wav,01
02833.wav,2
02834.wav,9
02835.wav,8
02836.wav,0182
02837.wav,15-46
02838.wav,784
02839.wav,08-
02840.wav,5
02841.wav,4317
02842.wav,2
02843.wav,1
02844.wav,44
02845.wav,9868256584446544
02846.wav,5337884-37
02847.wav,7
02848.wav,622
02849.wav,00-
02850.wav,9
02851.wav,40
02852.wav,4
02853.wav,3339-0
02854.wav,9
02855.wav,0
02856.wav,21
02857.wav,2
02858.wav,01
02859.wav,00
02860.wav,04147
02861.wav,262-941
02862.wav,142
02863.wav,7
02864.wav,94
02865.wav,0
02866.wav,6734
02867.wav,8
02868.wav,0
02869.wav,97
02870.wav,034
02871.wav,0
02872.wav,01111
02873.wav,531
02874.wav,4
02875.wav,65
02876.wav,0010
02877.wav,0
02878.wav,7
02879.wav,041-86069
02880.wav,2
02881.wav,8428268
02882.wav,0
02883.wav,2
02884.wav,6
02885.wav,69
02886.wav,81
02887.wav,14540-6
02888.wav,3241158-
02889.wav,53-27
02890.wav,5
02891.wav,198-
02892.wav,62-5
02893.wav,9416628
02894.wav,0
02895.wav,63880
02896.wav,2934
02897.wav,097-6
02898.wav,36
02899.wav,219-
02900.wav,03
02901.wav,01-04-4
02902.wav,8536-815
02903.wav,4
02904.wav,44
02905.wav,42-
02906.wav,2
02907.wav,0
02908.wav,31
02909.wav,6
02910.wav,4
02911.wav,3
02912.wav,8456462
02913.wav,79-25
02914.wav,53
02915.wav,7
02916.wav,1
02917.wav,15
02918.wav,1
02919.wav,3177704
02920.wav,7
02921.wav,599-001
02922.wav,6
02923.wav,94-9748-6
02924.wav,79-
02925.wav,88-
02926.wav,83
02927.wav,0
02928.wav,2
02929.wav,951-66
02930.wav,75
02931.wav,10-31
02932.wav,370-7137
02933.wav,93-145
02934.wav,3365
02935.wav,867
02936.wav,573-
02937.wav,8321
02938.wav,6
02939.wav,01
02940.wav,864-4
02941.wav,69278-
02942.wav,8
02943.wav,14666660
02944.wav,0
02945.wav,775-31
02946.wav,0
02947.wav,961743-5
02948.wav,8-9
02949.wav,52616-
02950.wav,51-6
02951.wav,9382
02952.wav,0
02953.wav,0331
02954.wav,7
02955.wav,0
02956.wav,5
02957.wav,5-5
02958.wav,5
02959.wav,744
02960.wav,92
02961.wav,000
02962.wav,4636546
02963.wav,0
02964.wav,6
02965.wav,723749
02966.wav,0
02967.wav,5
02968.wav,0
02969.wav,4
02970.wav,7
02971.wav,03322
02972.wav,034364
02973.wav,4
02974.wav,5
02975.wav,3
02976.wav,5
02977.wav,0
02978.wav,75-6487
02979.wav,00
02980.wav,16
02981.wav,011
02982.wav,20
02983.wav,75-2
02984.wav,55
02985.wav,14736
02986.wav,40-9
02987.wav,3955532
02988.wav,586-74
02989.wav,03
02990.wav,18
02991.wav,15
02992.wav,81292-
02993.wav,01
02994.wav,0
02995.wav,0488-69
02996.wav,47
02997.wav,4420-4
02998.wav,68
02999.wav,50-0
03000.wav,6999127
03001.wav,44
03002.wav,46824
03003.wav,59-17
03004.wav,488-92
03005.wav,03
03006.wav,633
03007.wav,35
03008.wav,0
03009.wav,76
03010.wav,2
03011.wav,0111
03012.wav,58445
03013.wav,5
03014.wav,4
03015.wav,44
03016.wav,717-35-31
03017.wav,63
03018.wav,12
03019.wav,4
03020.wav,512
03021.wav,21-73-0
03022.wav,67
03023.wav,7584-
03024.wav,81
03025.wav,885
03026.wav,2981
03027.wav,322
03028.wav,23149
03029.wav,85-8
03030.wav,1
03031.wav,74
03032.wav,81-988
03033.wav,531543-1
03034.wav,2644
03035.wav,11
03036.wav,77
03037.wav,4
03038.wav,01
03039.wav,7412
03040.wav,32
03041.wav,1
03042.wav,31-4
03043.wav,43-11
03044.wav,1117
03045.wav,8
03046.wav,723
03047.wav,183
03048.wav,9
03049.wav,40
03050.wav,13656
03051.wav,9
03052.wav,0
03053.wav,2774-0
03054.wav,0
03055.wav,7
03056.wav,0645-255-5
03057.wav,543
03058.wav,095484
03059.wav,84
03060.wav,1
03061.wav,1
03062.wav,0
03063.wav,7
03064.wav,6
03065.wav,91440
03066.wav,76
03067.wav,31
03068.wav,0
03069.wav,01
03070.wav,5
03071.wav,4577
03072.wav,304
03073.wav,3
03074.wav,13
03075.wav,481
03076.wav,46
03077.wav,98
03078.wav,20
03079.wav,256
03080.wav,5483-0318
03081.wav,1
03082.wav,98788
03083.wav,3
03084.wav,0
03085.wav,0
03086.wav,6096
03087.wav,233
03088.wav,06
03089.wav,62466
03090.wav,2436-
03091.wav,951-1
03092.wav,853
03093.wav,0
03094.wav,91
03095.wav,0
03096.wav,0
03097.wav,6
03098.wav,708-
03099.wav,093
03100.wav,90
03101.wav,5051
03102.wav,0
03103.wav,42
03104.wav,6-
03105.wav,0605-5
03106.wav,6
03107.wav,32
03108.wav,00
03109.wav,03
03110.wav,19-
03111.wav,691-3033
03112.wav,4437-773-6
03113.wav,87--
03114.wav,0
03115.wav,0
03116.wav,1
03117.wav,5
03118.wav,01
03119.wav,77078-
03120.wav,55
03121.wav,6307
03122.wav,5343
03123.wav,604
03124.wav,24
03125.wav,936
03126.wav,636456711
03127.wav,6061
03128.wav,46-987
03129.wav,61
03130.wav,6
03131.wav,0
03132.wav,0
03133.wav,0
03134.wav,7
03135.wav,0
03136.wav,6
03137.wav,0
03138.wav,00
03139.wav,1445-
03140.wav,63-9
03141.wav,22823
03142.wav,8
03143.wav,7
03144.wav,94
03145.wav,9
03146.wav,49-284
03147.wav,13
03148.wav,338
03149.wav,1-216
03150.wav,4
03151.wav,71-
03152.wav,0
03153.wav,39956
03154.wav,7
03155.wav,23838
03156.wav,42-926-6
03157.wav,0
03158.wav,0
03159.wav,0101839-
03160.wav,745-
03161.wav,0
03162.wav,2
03163.wav,4699-33265
03164.wav,923-66
03165.wav,00110
03166.wav,2006
03167.wav,95004
03168.wav,0-
03169.wav,9
03170.wav,00
03171.wav,7989
03172.wav,658
03173.wav,5
03174.wav,5
03175.wav,55
03176.wav,6
03177.wav,112-8
03178.wav,771-12
03179.wav,34658
03180.wav,7
03181.wav,0
03182.wav,6
03183.wav,056-
03184.wav,61
03185.wav,2
03186.wav,47-7
03187.wav,52-7
03188.wav,1
03189.wav,05
03190.wav,821
03191.wav,1
03192.wav,85
03193.wav,343289-
03194.wav,2026
03195.wav,10
03196.wav,87
03197.wav,1
03198.wav,0
03199.wav,945500082
03200.wav,6244
03201.wav,8425-16
03202.wav,1444642648
03203.wav,0781
03204.wav,2
03205.wav,0
03206.wav,745
03207.wav,77
03208.wav,7889304
03209.wav,044841567616422624
03210.wav,29-3
03211.wav,014424
03212.wav,15-8
03213.wav,0
03214.wav,880070-
03215.wav,38
03216.wav,6
03217.wav,884938
03218.wav,26
03219.wav,1
03220.wav,25-8
03221.wav,7
03222.wav,04-
03223.wav,24-45
03224.wav,112
03225.wav,75-3822-7
03226.wav,1
03227.wav,0
03228.wav,59
03229.wav,05-5
03230.wav,31
03231.wav,023332348
03232.wav,3
03233.wav,0
03234.wav,538771-
03235.wav,4
03236.wav,0
03237.wav,31-72-690
03238.wav,0868
03239.wav,6274262444
03240.wav,1883275-
03241.wav,3977834
03242.wav,131
03243.wav,72666444
03244.wav,366
03245.wav,7
03246.wav,437-51
03247.wav,77-2-46
03248.wav,216
03249.wav,41426-1
03250.wav,50
03251.wav,4621
03252.wav,130-9
03253.wav,72
03254.wav,6465647
03255.wav,0
03256.wav,59-
03257.wav,42
03258.wav,0
03259.wav,1
03260.wav,1
03261.wav,248
03262.wav,8
03263.wav,3
03264.wav,791-6
03265.wav,3923
03266.wav,60-8
03267.wav,147
03268.wav,6
03269.wav,696-
03270.wav,044
03271.wav,058
03272.wav,0
03273.wav,0
03274.wav,58-0
03275.wav,162-
03276.wav,4
03277.wav,360792-947
03278.wav,2
03279.wav,87
03280.wav,52-1594-04
03281.wav,66644658
03282.wav,0
03283.wav,805
03284.wav,77-3320
03285.wav,0
03286.wav,00503566
03287.wav,0
03288.wav,816
03289.wav,021-605
03290.wav,3155-
03291.wav,9951-
03292.wav,7
03293.wav,0
03294.wav,58-35
03295.wav,6
03296.wav,54
03297.wav,7
03298.wav,101
03299.wav,235
03300.wav,58-3666
03301.wav,07859
03302.wav,81939
03303.wav,914529
03304.wav,0
03305.wav,48198-
03306.wav,1
03307.wav,44
03308.wav,60
03309.wav,00
03310.wav,75288-91
03311.wav,00-66
03312.wav,0
03313.wav,135
03314.wav,01-
03315.wav,0
03316.wav,2058
03317.wav,60
03318.wav,15-37
03319.wav,928-82
03320.wav,87-
03321.wav,6
03322.wav,7130
03323.wav,205
03324.wav,5
03325.wav,10
03326.wav,0810
03327.wav,1
03328.wav,9319464-38-
03329.wav,0
03330.wav,20-0
03331.wav,7473
03332.wav,25
03333.wav,5694
03334.wav,0
03335.wav,00
03336.wav,59-3
03337.wav,22
03338.wav,5
03339.wav,68-0
03340.wav,06
03341.wav,6
03342.wav,59069-
03343.wav,31
03344.wav,033
03345.wav,00
03346.wav,2
03347.wav,15-0
03348.wav,0
03349.wav,1
03350.wav,51-073
03351.wav,94
03352.wav,62-58
03353.wav,2
03354.wav,423431-76
03355.wav,0
03356.wav,28-4
03357.wav,1452
03358.wav,0565-5
03359.wav,50
03360.wav,0865-79
03361.wav,87-0045
03362.wav,457
03363.wav,0
03364.wav,55
03365.wav,59-
03366.wav,213
03367.wav,8
03368.wav,1
03369.wav,02-286
03370.wav,0
03371.wav,4
03372.wav,4343
03373.wav,2
03374.wav,523-9409
03375.wav,226
03376.wav,00
03377.wav,3
03378.wav,50
03379.wav,6
03380.wav,2
03381.wav,0
03382.wav,016600
03383.wav,55865-3
03384.wav,48211
03385.wav,37
03386.wav,04-2
03387.wav,71343
03388.wav,6
03389.wav,1
03390.wav,3
03391.wav,1
03392.wav,1
03393.wav,0-
03394.wav,0
03395.wav,8
03396.wav,5
03397.wav,0111
03398.wav,6641
03399.wav,4
03400.wav,7-8
03401.wav,0
03402.wav,55764
03403.wav,0
03404.wav,4
03405.wav,95
03406.wav,6
03407.wav,1020
03408.wav,77359083-
03409.wav,08-427
03410.wav,00635
03411.wav,788283
03412.wav,6344
03413.wav,4
03414.wav,1808-
03415.wav,7
03416.wav,7132-3
03417.wav,8-24-70-4
03418.wav,1
03419.wav,0
03420.wav,7
03421.wav,464426
03422.wav,055-1
03423.wav,6
03424.wav,57-
03425.wav,96224
03426.wav,20
03427.wav,05
03428.wav,3422315-62
03429.wav,119312-4
03430.wav,111
03431.wav,3699-85
03432.wav,0
03433.wav,4
03434.wav,9
03435.wav,011111
03436.wav,77964-5235
03437.wav,7
03438.wav,87
03439.wav,5
03440.wav,8
03441.wav,06770
03442.wav,34-6
03443.wav,96----88
03444.wav,011
03445.wav,675-4
03446.wav,4
03447.wav,02
03448.wav,77-073-0
03449.wav,929-61-
03450.wav,24
03451.wav,4
03452.wav,81-
03453.wav,0
03454.wav,765-4
03455.wav,9
03456.wav,26
03457.wav,27
03458.wav,8
03459.wav,5
03460.wav,91
03461.wav,1231
03462.wav,079
03463.wav,261-
03464.wav,1
03465.wav,71-94
03466.wav,010
03467.wav,84-541-
03468.wav,9
03469.wav,36536
03470.wav,321
03471.wav,8
03472.wav,76-07
03473.wav,8
03474.wav,41942
03475.wav,5
03476.wav,64307
03477.wav,0-
03478.wav,42266625666944
03479.wav,97
03480.wav,500
03481.wav,66
03482.wav,5
03483.wav,1
03484.wav,14
03485.wav,4-
03486.wav,6433
03487.wav,1
03488.wav,96
03489.wav,4
03490.wav,0
03491.wav,9925
03492.wav,9
03493.wav,9
03494.wav,669464683546
03495.wav,292526369
03496.wav,59
03497.wav,01
03498.wav,264-5
03499.wav,0
03500.wav,07
03501.wav,0
03502.wav,4050
03503.wav,0
03504.wav,9
03505.wav,8
03506.wav,0978-
03507.wav,500106-8
03508.wav,2
03509.wav,57-40-
03510.wav,62
03511.wav,44
03512.wav,00-
03513.wav,8416
03514.wav,84
03515.wav,9130-
03516.wav,51-
03517.wav,0
03518.wav,83036540-
03519.wav,37159-348
03520.wav,74
03521.wav,1--
03522.wav,08
03523.wav,0
03524.wav,1
03525.wav,04-0
03526.wav,924495
03527.wav,611
03528.wav,6233
03529.wav,4
03530.wav,93
03531.wav,0-
03532.wav,765
03533.wav,164
03534.wav,248-66845
03535.wav,4
03536.wav,50-9
03537.wav,77
03538.wav,97
03539.wav,64-0
03540.wav,96-13
03541.wav,342-6
03542.wav,1
03543.wav,503
03544.wav,8008
03545.wav,63
03546.wav,2335712
03547.wav,00
03548.wav,94-
03549.wav,5
03550.wav,57
03551.wav,2
03552.wav,7
03553.wav,869-1656
03554.wav,79
03555.wav,4964999
03556.wav,0
03557.wav,11111141111
03558.wav,687629276
03559.wav,35
03560.wav,8309-
03561.wav,0
03562.wav,4920-7
03563.wav,689166-4852
03564.wav,22-464
03565.wav,57209498-
03566.wav,73-447-66
03567.wav,70
03568.wav,0
03569.wav,7
03570.wav,7
03571.wav,73275
03572.wav,0
03573.wav,0
03574.wav,4601
03575.wav,12
03576.wav,8
03577.wav,30
03578.wav,2
03579.wav,0
03580.wav,6
03581.wav,1685
03582.wav,46
03583.wav,22-76-76-
03584.wav,0
03585.wav,22-652-
03586.wav,34562-6
03587.wav,510
03588.wav,5
03589.wav,512-5
03590.wav,43-432-5875-
03591.wav,955252
03592.wav,5
03593.wav,81
03594.wav,7
03595.wav,6
03596.wav,922-1
03597.wav,03-5
03598.wav,20680
03599.wav,4328781
03600.wav,5551
03601.wav,0
03602.wav,56
03603.wav,5
03604.wav,4-
03605.wav,5017-
03606.wav,187
03607.wav,65
03608.wav,1656655431
03609.wav,48-
03610.wav,8069-116-
03611.wav,213-12
03612.wav,0
03613.wav,112724
03614.wav,47-0713
03615.wav,11
03616.wav,0
03617.wav,493-014-
03618.wav,33
03619.wav,2
03620.wav,1847
03621.wav,9
03622.wav,211
03623.wav,3
03624.wav,0
03625.wav,96624
03626.wav,90
03627.wav,8985
03628.wav,3
03629.wav,778-
03630.wav,97895
03631.wav,08-
03632.wav,1111111111
03633.wav,2
03634.wav,31-
03635.wav,8
03636.wav,0
03637.wav,0
03638.wav,8886
03639.wav,1
03640.wav,59-37
03641.wav,6691-
03642.wav,9
03643.wav,56194
03644.wav,507
03645.wav,0
03646.wav,00
03647.wav,43742
03648.wav,75220
03649.wav,69
03650.wav,4
03651.wav,25
03652.wav,3
03653.wav,1864-838
03654.wav,644
03655.wav,40-9102
03656.wav,0
03657.wav,0
03658.wav,146469497
03659.wav,0
03660.wav,0
03661.wav,32463
03662.wav,6436676664636664
03663.wav,073
03664.wav,65-65
03665.wav,5
03666.wav,31
03667.wav,6
03668.wav,73318-14
03669.wav,0
03670.wav,7
03671.wav,71
03672.wav,0
03673.wav,792
03674.wav,80047636
03675.wav,00111
03676.wav,141-
03677.wav,98-4946
03678.wav,868266
03679.wav,60
03680.wav,17
03681.wav,3333
03682.wav,0
03683.wav,15-25-7
03684.wav,1683-593
03685.wav,33-4
03686.wav,62644458
03687.wav,3
03688.wav,17
03689.wav,48-145772
03690.wav,9
03691.wav,61-4
03692.wav,365-46-
03693.wav,02-32-8973
03694.wav,4
03695.wav,948
03696.wav,7310380
03697.wav,6720-195-00
03698.wav,80
03699.wav,9606600
03700.wav,11
03701.wav,1
03702.wav,0
03703.wav,50-47627704
03704.wav,4
03705.wav,61
03706.wav,49
03707.wav,0113
03708.wav,943
03709.wav,0
03710.wav,991
03711.wav,15
03712.wav,981
03713.wav,1388
03714.wav,1527
03715.wav,23
03716.wav,47
03717.wav,2433
03718.wav,15-7
03719.wav,74-09763-
03720.wav,0
03721.wav,33315-6
03722.wav,750-344
03723.wav,454
03724.wav,868
03725.wav,09-327
03726.wav,010
03727.wav,14-95
03728.wav,556456
03729.wav,255-65
03730.wav,78-006
03731.wav,21
03732.wav,0
03733.wav,489-9
03734.wav,4
03735.wav,096-
03736.wav,3
03737.wav,00
03738.wav,5
03739.wav,4
03740.wav,8
03741.wav,410-
03742.wav,57-03
03743.wav,4
03744.wav,59-
03745.wav,383760
03746.wav,1583-5
03747.wav,226
03748.wav,5
03749.wav,97-3
03750.wav,011110
03751.wav,6668
03752.wav,066447646
03753.wav,8272007
03754.wav,100-9
03755.wav,1
03756.wav,0
03757.wav,0
03758.wav,8-
03759.wav,0
03760.wav,0
03761.wav,5983-05-
03762.wav,0
03763.wav,1490-513
03764.wav,92
03765.wav,5739
03766.wav,4
03767.wav,931-8
03768.wav,95-9
03769.wav,0963
03770.wav,27
03771.wav,0
03772.wav,38-9277-
03773.wav,60
03774.wav,965569
03775.wav,09-6
03776.wav,77373
03777.wav,772
03778.wav,45
03779.wav,0
03780.wav,647600-2
03781.wav,1
03782.wav,94456
03783.wav,99
03784.wav,759
03785.wav,1
03786.wav,7
03787.wav,845
03788.wav,00
03789.wav,2
03790.wav,62850
03791.wav,673
03792.wav,3
03793.wav,9
03794.wav,0
03795.wav,1
03796.wav,5
03797.wav,9
03798.wav,9
03799.wav,017
03800.wav,2-
03801.wav,0
03802.wav,54-2
03803.wav,00
03804.wav,510013838
03805.wav,0
03806.wav,0
03807.wav,93629
03808.wav,085773
03809.wav,816
03810.wav,87-84
03811.wav,424664746
03812.wav,985050-
03813.wav,0
03814.wav,9
03815.wav,167-0-6
03816.wav,0
03817.wav,308
03818.wav,62
03819.wav,9
03820.wav,01
03821.wav,01-
03822.wav,1
03823.wav,4
03824.wav,80
03825.wav,2149
03826.wav,63-84716
03827.wav,0
03828.wav,1
03829.wav,7
03830.wav,8774-4
03831.wav,0
03832.wav,926915634512544
03833.wav,0
03834.wav,807633623
03835.wav,0
03836.wav,34-64735-6
03837.wav,04
03838.wav,239-23
03839.wav,495
03840.wav,4
03841.wav,1
03842.wav,36
03843.wav,0545-9
03844.wav,5042
03845.wav,00
03846.wav,5398--
03847.wav,72474
03848.wav,75-56-
03849.wav,081
03850.wav,387
03851.wav,93
03852.wav,49755-8
03853.wav,19387
03854.wav,5
03855.wav,518-5501
03856.wav,0
03857.wav,0
03858.wav,0
03859.wav,95354
03860.wav,59-19-
03861.wav,7
03862.wav,84446248
03863.wav,227-
03864.wav,5
03865.wav,045
03866.wav,182
03867.wav,85
03868.wav,4565441
03869.wav,0
03870.wav,7994
03871.wav,4
03872.wav,0
03873.wav,3
03874.wav,00
03875.wav,5665
03876.wav,629
03877.wav,23-
03878.wav,488
03879.wav,729
03880.wav,87
03881.wav,477
03882.wav,41-
03883.wav,00
03884.wav,07725
03885.wav,0696249
03886.wav,454
03887.wav,4178-63-2
03888.wav,121112
03889.wav,9688795
03890.wav,010
03891.wav,1818
03892.wav,0
03893.wav,30
03894.wav,0
03895.wav,533-36-015
03896.wav,44939
03897.wav,45-688
03898.wav,9
03899.wav,34
03900.wav,899-1853
03901.wav,0
03902.wav,1
03903.wav,75-711
03904.wav,0
03905.wav,9444
03906.wav,03-
03907.wav,2
03908.wav,592
03909.wav,0
03910.wav,914-1274
03911.wav,73
03912.wav,8
03913.wav,9
03914.wav,00
03915.wav,0
03916.wav,2
03917.wav,29
03918.wav,4382
03919.wav,5
03920.wav,0112611
03921.wav,6
03922.wav,02153-840
03923.wav,5811318
03924.wav,95-44
03925.wav,938
03926.wav,0
03927.wav,76-
03928.wav,44719-452
03929.wav,7
03930.wav,6
03931.wav,015614
03932.wav,620-
03933.wav,10-16-4
03934.wav,6
03935.wav,0268466464486
03936.wav,2111
03937.wav,01
03938.wav,044466
03939.wav,867
03940.wav,0
03941.wav,46-9
03942.wav,2
03943.wav,8194
03944.wav,7
03945.wav,1
03946.wav,4
03947.wav,21-532-31
03948.wav,11
03949.wav,752-53
03950.wav,2319
03951.wav,33-
03952.wav,0
03953.wav,99-810-1
03954.wav,291-8
03955.wav,0
03956.wav,96944957
03957.wav,0
03958.wav,857
03959.wav,5
03960.wav,42045
03961.wav,0
03962.wav,7
03963.wav,71
03964.wav,46748
03965.wav,58-8
03966.wav,4
03967.wav,4
03968.wav,095
03969.wav,7
03970.wav,445446
03971.wav,2296-64
03972.wav,1
03973.wav,2
03974.wav,9
03975.wav,33-3
03976.wav,2-933-
03977.wav,5
03978.wav,0
03979.wav,98
03980.wav,8
03981.wav,994583
03982.wav,43
03983.wav,578
03984.wav,453
03985.wav,113441-76-
03986.wav,574
03987.wav,2552
03988.wav,853-6
03989.wav,245866
03990.wav,73-8
03991.wav,434
03992.wav,5799
03993.wav,82-68-26
03994.wav,8
03995.wav,0
03996.wav,01
03997.wav,0
03998.wav,08
03999.wav,656
04000.wav,121122
04001.wav,6
04002.wav,8
04003.wav,88
04004.wav,16-1666
04005.wav,2720445
04006.wav,4786-1
04007.wav,0
04008.wav,359286754654
04009.wav,3
04010.wav,27
04011.wav,54-129
04012.wav,066
04013.wav,06
04014.wav,5883
04015.wav,60
04016.wav,7552-
04017.wav,0
04018.wav,862828688
04019.wav,8-5287
04020.wav,63337
04021.wav,0
04022.wav,1880
04023.wav,425
04024.wav,0
04025.wav,76-1
04026.wav,9242
04027.wav,02-4
04028.wav,5
04029.wav,265696-7
04030.wav,46591
04031.wav,0
04032.wav,3
04033.wav,2658888
04034.wav,41515417
04035.wav,1121111
04036.wav,3
04037.wav,00
04038.wav,4296-9
04039.wav,21
04040.wav,6
04041.wav,5
04042.wav,42-304-
04043.wav,6-5
04044.wav,43996
04045.wav,0
04046.wav,9449
04047.wav,0
04048.wav,7470
04049.wav,0
04050.wav,94-
04051.wav,01
04052.wav,01
04053.wav,8
04054.wav,84
04055.wav,504
04056.wav,2211-553
04057.wav,1
04058.wav,2374
04059.wav,7655
04060.wav,61858
04061.wav,9251
04062.wav,20
04063.wav,8
04064.wav,142
04065.wav,4
04066.wav,7
04067.wav,7786
04068.wav,299
04069.wav,70-6231
04070.wav,90
04071.wav,50
04072.wav,0577
04073.wav,011
04074.wav,00
04075.wav,6
04076.wav,11
04077.wav,69
04078.wav,11-6
04079.wav,68384
04080.wav,75-9
04081.wav,8752
04082.wav,95922
04083.wav,72-8
04084.wav,4
04085.wav,0
04086.wav,125
04087.wav,859
04088.wav,453
04089.wav,7211
04090.wav,04-
04091.wav,11111
04092.wav,48
04093.wav,464
04094.wav,1
04095.wav,03
04096.wav,444
04097.wav,48-45
04098.wav,6
04099.wav,6
04100.wav,80-
04101.wav,9259
04102.wav,93148766-67
04103.wav,123
04104.wav,114772-
04105.wav,7046265
04106.wav,00
04107.wav,1
04108.wav,03
04109.wav,7735-25
04110.wav,15
04111.wav,7
04112.wav,3
04113.wav,0
04114.wav,6
04115.wav,31-
04116.wav,4087
04117.wav,0
04118.wav,14444
04119.wav,80229-
04120.wav,0
04121.wav,2
04122.wav,4
04123.wav,746-2496
04124.wav,88-41
04125.wav,02
04126.wav,644447
04127.wav,3
04128.wav,7251565
04129.wav,5
04130.wav,564-547
04131.wav,0
04132.wav,428181
04133.wav,13
04134.wav,140
04135.wav,7358199
04136.wav,011
04137.wav,657-1
04138.wav,00
04139.wav,658-47-
04140.wav,4
04141.wav,953
04142.wav,85
04143.wav,8
04144.wav,44
04145.wav,3
04146.wav,6
04147.wav,9
04148.wav,81555
04149.wav,432
04150.wav,4
04151.wav,96
04152.wav,7
04153.wav,35
04154.wav,66
04155.wav,0
04156.wav,7477
04157.wav,444443
04158.wav,5
04159.wav,39009
04160.wav,0
04161.wav,6873
04162.wav,3
04163.wav,131
04164.wav,53-43991
04165.wav,533-82
04166.wav,05
04167.wav,276496-47
04168.wav,4571-
04169.wav,3
04170.wav,0
04171.wav,0310
04172.wav,937
04173.wav,2
04174.wav,09
04175.wav,0
04176.wav,0
04177.wav,8
04178.wav,95737
04179.wav,15358
04180.wav,00
04181.wav,64444
04182.wav,302
04183.wav,036343684
04184.wav,30463
04185.wav,064-0
04186.wav,33-88-
04187.wav,48485464466
04188.wav,2963222569538
04189.wav,1179
04190.wav,1
04191.wav,867058-
04192.wav,9990
04193.wav,01-
04194.wav,846246
04195.wav,352-9432
04196.wav,33-78
04197.wav,0
04198.wav,2917842
04199.wav,3915680
04200.wav,63
04201.wav,10
04202.wav,69-12041-5
04203.wav,121-79895
04204.wav,4446
04205.wav,39
04206.wav,03
04207.wav,9
04208.wav,06-56
04209.wav,0
04210.wav,3443-
04211.wav,8555532
04212.wav,87-433
04213.wav,959905
04214.wav,5
04215.wav,0
04216.wav,17-831
04217.wav,4222
04218.wav,428-551
04219.wav,0
04220.wav,56-
04221.wav,09-55
04222.wav,025107
04223.wav,2
04224.wav,0
04225.wav,070101
04226.wav,283-121854
04227.wav,3
04228.wav,0
04229.wav,0
04230.wav,31
04231.wav,61206-6
04232.wav,43622
04233.wav,9-
04234.wav,44
04235.wav,0
04236.wav,456946
04237.wav,60
04238.wav,45
04239.wav,6337
04240.wav,6
04241.wav,1
04242.wav,900540-73
04243.wav,121675
04244.wav,8
04245.wav,14366
04246.wav,9
04247.wav,4598
04248.wav,33
04249.wav,17
04250.wav,0
04251.wav,47-
04252.wav,00
04253.wav,5957
04254.wav,3
04255.wav,08-429
04256.wav,88-2
04257.wav,142882
04258.wav,5
04259.wav,82-
04260.wav,44-
04261.wav,9
04262.wav,610
04263.wav,37184
04264.wav,302
04265.wav,3
04266.wav,14-8
04267.wav,50
04268.wav,9
04269.wav,010
04270.wav,82-0270-70
04271.wav,5
04272.wav,9-096372-
04273.wav,0
04274.wav,0
04275.wav,0
04276.wav,986-
04277.wav,419478
04278.wav,4
04279.wav,90
04280.wav,9
04281.wav,15666953656
04282.wav,21-7
04283.wav,72845-56
04284.wav,9281-21
04285.wav,716
04286.wav,3925-
04287.wav,4
04288.wav,43
04289.wav,3-591-
04290.wav,0
04291.wav,876-421
04292.wav,89-296-741-
04293.wav,47
04294.wav,07
04295.wav,031804
04296.wav,8
04297.wav,515
04298.wav,4477554
04299.wav,865-7
04300.wav,7436375
04301.wav,3
04302.wav,189
04303.wav,2487
04304.wav,2
04305.wav,4
04306.wav,558
04307.wav,0
04308.wav,0
04309.wav,75916704
04310.wav,15688646860
04311.wav,01
04312.wav,55
04313.wav,6
04314.wav,04-3769-6
04315.wav,4
04316.wav,8
04317.wav,970
04318.wav,02
04319.wav,0
04320.wav,44
04321.wav,76-15
04322.wav,8
04323.wav,0
04324.wav,0
04325.wav,43-395
04326.wav,20057
04327.wav,1
04328.wav,0
04329.wav,173
04330.wav,44
04331.wav,00
04332.wav,0
04333.wav,0
04334.wav,61158
04335.wav,0
04336.wav,7
04337.wav,46-
04338.wav,5
04339.wav,91987
04340.wav,0
04341.wav,48
04342.wav,059-5
04343.wav,518
04344.wav,0111
04345.wav,5
04346.wav,664680
04347.wav,8
04348.wav,36
04349.wav,0
04350.wav,17547-34
04351.wav,44908
04352.wav,1111
04353.wav,0
04354.wav,8255
04355.wav,4
04356.wav,964
04357.wav,9
04358.wav,0
04359.wav,234664551
04360.wav,0
04361.wav,01
04362.wav,289-2
04363.wav,01
04364.wav,0
04365.wav,4
04366.wav,0061178
04367.wav,27
04368.wav,0
04369.wav,6
04370.wav,614446
04371.wav,192
04372.wav,0464649
04373.wav,2
04374.wav,4
04375.wav,4448-22
04376.wav,342-270-5
04377.wav,47
04378.wav,0
04379.wav,44-649-9
04380.wav,91
04381.wav,44
04382.wav,013
04383.wav,545-826744
04384.wav,3
04385.wav,846
04386.wav,839
04387.wav,8207
04388.wav,05
04389.wav,1
04390.wav,73-84
04391.wav,021-885
04392.wav,2
04393.wav,540-84
04394.wav,3085964
04395.wav,0
04396.wav,50-84
04397.wav,25559566
04398.wav,5
04399.wav,64
04400.wav,15
04401.wav,835415
04402.wav,4455-5
04403.wav,00
04404.wav,6904
04405.wav,6343
04406.wav,8
04407.wav,47487-
04408.wav,555-9
04409.wav,500
04410.wav,4
04411.wav,59297
04412.wav,730
04413.wav,58373-7
04414.wav,432
04415.wav,0-00
04416.wav,63
04417.wav,1
04418.wav,5
04419.wav,24
04420.wav,0
04421.wav,594870-9
04422.wav,64-57934-3
04423.wav,89-1060
04424.wav,5-5
04425.wav,2566
04426.wav,7
04427.wav,0
04428.wav,4422443444
04429.wav,93
04430.wav,74
04431.wav,0
04432.wav,63
04433.wav,18
04434.wav,15
04435.wav,67403-39
04436.wav,26
04437.wav,46
04438.wav,25224668
04439.wav,93
04440.wav,80100-4
04441.wav,9
04442.wav,9855-
04443.wav,2
04444.wav,31-5
04445.wav,4
04446.wav,63306
04447.wav,4936
04448.wav,0
04449.wav,32
04450.wav,0
04451.wav,0
04452.wav,5
04453.wav,16
04454.wav,23673
04455.wav,63-65
04456.wav,3
04457.wav,94-18-4
04458.wav,7
04459.wav,9-
04460.wav,08
04461.wav,31470
04462.wav,10
04463.wav,0
04464.wav,299575
04465.wav,0481-
04466.wav,0
04467.wav,665443656
04468.wav,54-944-9
04469.wav,32408
04470.wav,81
04471.wav,0
04472.wav,186-034116
04473.wav,5
04474.wav,203182
04475.wav,7053-59
04476.wav,47
04477.wav,69-
04478.wav,4
04479.wav,6674
04480.wav,79-9929-
04481.wav,0
04482.wav,00
04483.wav,856
04484.wav,5
04485.wav,3
04486.wav,0
04487.wav,8144-9
04488.wav,78
04489.wav,0
04490.wav,41
04491.wav,815200
04492.wav,033
04493.wav,15011-
04494.wav,8737227-
04495.wav,31
04496.wav,8983-
04497.wav,562-9745
04498.wav,2
04499.wav,1
04500.wav,529
04501.wav,5
04502.wav,6424433
04503.wav,521-95-7
04504.wav,17-5
04505.wav,45
04506.wav,42
04507.wav,6935-5
04508.wav,1
04509.wav,76
04510.wav,2624
04511.wav,5
04512.wav,9
04513.wav,0
04514.wav,0
04515.wav,45-0
04516.wav,9
04517.wav,58383757
04518.wav,4467-065
04519.wav,44-261
04520.wav,988195
04521.wav,0
04522.wav,286438466
04523.wav,0562-4296
04524.wav,0
04525.wav,937-
04526.wav,82683-54
04527.wav,010
04528.wav,400
04529.wav,1570049
04530.wav,1
04531.wav,4
04532.wav,23
04533.wav,0
04534.wav,49082-4
04535.wav,64
04536.wav,402
04537.wav,0363743666
04538.wav,96
04539.wav,433
04540.wav,0
04541.wav,92119
04542.wav,40-08
04543.wav,47-4
04544.wav,1
04545.wav,00
04546.wav,262
04547.wav,35
04548.wav,71-2
04549.wav,2663-34
04550.wav,6
04551.wav,2615
04552.wav,962
04553.wav,4
04554.wav,23-2
04555.wav,756
04556.wav,8424-13-9
04557.wav,0
04558.wav,5
04559.wav,39-
04560.wav,0
04561.wav,33198-26
04562.wav,2741859
04563.wav,65-3
04564.wav,6
04565.wav,9
04566.wav,10-
04567.wav,0
04568.wav,40-0
04569.wav,4728
04570.wav,107-62
04571.wav,454
04572.wav,0
04573.wav,022
04574.wav,0
04575.wav,911618193110
04576.wav,0
04577.wav,7
04578.wav,743653
04579.wav,2
04580.wav,966362
04581.wav,986-7
04582.wav,726157068206
04583.wav,6173
04584.wav,4560-6
04585.wav,0
04586.wav,2
04587.wav,034338246
04588.wav,25
04589.wav,2609383
04590.wav,84250-327
04591.wav,570-
04592.wav,94
04593.wav,29
04594.wav,5
04595.wav,90
04596.wav,5
04597.wav,67353
04598.wav,0
04599.wav,4010
04600.wav,19-6
04601.wav,4
04602.wav,5
04603.wav,7
04604.wav,00
04605.wav,542
04606.wav,6
04607.wav,19-1
04608.wav,75
04609.wav,425507
04610.wav,3248
04611.wav,22099-81
04612.wav,398
04613.wav,9674
04614.wav,0
04615.wav,835656445764636521
04616.wav,0
04617.wav,42
04618.wav,16
04619.wav,83-3
04620.wav,88-4
04621.wav,1222
04622.wav,61477370-
04623.wav,9
04624.wav,552
04625.wav,01
04626.wav,6196113-
04627.wav,726
04628.wav,4
04629.wav,913-00
04630.wav,0
04631.wav,9444-6
04632.wav,670
04633.wav,94
04634.wav,44420
04635.wav,3
04636.wav,0
04637.wav,01
04638.wav,4042-4
04639.wav,184829
04640.wav,0
04641.wav,4558298-5
04642.wav,7539
04643.wav,15
04644.wav,45
04645.wav,14-
04646.wav,00
04647.wav,044
04648.wav,8237
04649.wav,226-
04650.wav,5
04651.wav,500
04652.wav,668
04653.wav,7063
04654.wav,0
04655.wav,688
04656.wav,2884-0
04657.wav,732
04658.wav,643
04659.wav,0
04660.wav,0
04661.wav,0570-4353
04662.wav,6444443455
04663.wav,802013-
04664.wav,74-15
04665.wav,200-340
04666.wav,5
04667.wav,8472
04668.wav,01
04669.wav,011111110
04670.wav,604
04671.wav,6484838742
04672.wav,407-33
04673.wav,218
04674.wav,7
04675.wav,0-
04676.wav,46446656
04677.wav,167
04678.wav,81-6777
04679.wav,01
04680.wav,6577
04681.wav,213
04682.wav,0
04683.wav,0
04684.wav,0277-66
04685.wav,0941
04686.wav,9711111
04687.wav,95412
04688.wav,455-
04689.wav,121
04690.wav,034686364489
04691.wav,1
04692.wav,444446
04693.wav,116
04694.wav,7844
04695.wav,09
04696.wav,263-428
04697.wav,90
04698.wav,6
04699.wav,0
04700.wav,11111121111213
04701.wav,17-251
04702.wav,0
04703.wav,85-4
04704.wav,0
04705.wav,753
04706.wav,681
04707.wav,0
04708.wav,918993-
04709.wav,110
04710.wav,477
04711.wav,40
04712.wav,00
04713.wav,81
04714.wav,7
04715.wav,0
04716.wav,00-7053
04717.wav,0
04718.wav,36
04719.wav,0
04720.wav,5
04721.wav,95-0
04722.wav,1
04723.wav,5
04724.wav,00
04725.wav,9
04726.wav,4240-
04727.wav,0
04728.wav,685
04729.wav,9634
04730.wav,7544067
04731.wav,54-1
04732.wav,0
04733.wav,7
04734.wav,6342-4
04735.wav,452503
04736.wav,5111--18
04737.wav,97350
04738.wav,00
04739.wav,0
04740.wav,9
04741.wav,639-9
04742.wav,16-4
04743.wav,6
04744.wav,197861
04745.wav,011111611310
04746.wav,44
04747.wav,09
04748.wav,7
04749.wav,9
04750.wav,2
04751.wav,6464462446
04752.wav,24585
04753.wav,6
04754.wav,1
04755.wav,4-7
04756.wav,9262
04757.wav,357
04758.wav,63
04759.wav,881767-
04760.wav,118-7
04761.wav,010
04762.wav,04
04763.wav,473
04764.wav,9
04765.wav,5130-11
04766.wav,942
04767.wav,41
04768.wav,2
04769.wav,3434
04770.wav,547214-3
04771.wav,714-0
04772.wav,6
04773.wav,18
04774.wav,51
04775.wav,4
04776.wav,1
04777.wav,05
04778.wav,074
04779.wav,0000
04780.wav,2772-81
04781.wav,6
04782.wav,77
04783.wav,776-2
04784.wav,7707-
04785.wav,3
04786.wav,273
04787.wav,50-4736
04788.wav,4
04789.wav,0
04790.wav,01
04791.wav,23326-4567
04792.wav,2448462644888
04793.wav,500635
04794.wav,5
04795.wav,4
04796.wav,51-9
04797.wav,3596-30-4
04798.wav,20-5
04799.wav,86
04800.wav,74
04801.wav,0339
04802.wav,2476646375471
04803.wav,4466463
04804.wav,0
04805.wav,2
04806.wav,2
04807.wav,1
04808.wav,839052-
04809.wav,7
04810.wav,4613-0
04811.wav,31
04812.wav,7
04813.wav,04444
04814.wav,953-384
04815.wav,85
04816.wav,755
04817.wav,0
04818.wav,32
04819.wav,5646
04820.wav,37
04821.wav,644
04822.wav,98-68-
04823.wav,0
04824.wav,0
04825.wav,88904
04826.wav,755-
04827.wav,0
04828.wav,0426664
04829.wav,59-
04830.wav,0
04831.wav,0
04832.wav,41-559
04833.wav,65
04834.wav,10
04835.wav,5-545
04836.wav,9-9586
04837.wav,7
04838.wav,1258-16974
04839.wav,5247
04840.wav,8032
04841.wav,1
04842.wav,6
04843.wav,86-5
04844.wav,450
04845.wav,296
04846.wav,662
04847.wav,0
04848.wav,0
04849.wav,99-3
04850.wav,23688
04851.wav,0
04852.wav,13
04853.wav,0
04854.wav,5114991
04855.wav,09
04856.wav,0
04857.wav,46-4-6
04858.wav,111101111
04859.wav,244-75-407
04860.wav,55
04861.wav,87150557
04862.wav,23-8
04863.wav,50
04864.wav,384
04865.wav,88
04866.wav,2
04867.wav,660
04868.wav,00
04869.wav,62-
04870.wav,7147-3
04871.wav,3457308-678
04872.wav,9
04873.wav,05-0
04874.wav,3
04875.wav,9852
04876.wav,70-
04877.wav,58
04878.wav,79-44
04879.wav,926
04880.wav,05
04881.wav,37
04882.wav,72
04883.wav,72-20
04884.wav,7315715-4
04885.wav,8639-76
04886.wav,0
04887.wav,75
04888.wav,7925
04889.wav,0
04890.wav,550-7
04891.wav,00
04892.wav,0741807-37
04893.wav,7263
04894.wav,1
04895.wav,8765
04896.wav,842862
04897.wav,00
04898.wav,01
04899.wav,9456-5
04900.wav,185
04901.wav,28-20
04902.wav,03328
04903.wav,4131
04904.wav,0
04905.wav,0
04906.wav,056881480
04907.wav,232-12
04908.wav,0
04909.wav,38
04910.wav,24680756-8
04911.wav,5
04912.wav,33-
04913.wav,3
04914.wav,8
04915.wav,44
04916.wav,8
04917.wav,00
04918.wav,17-
04919.wav,31-6
04920.wav,177-54-
04921.wav,090-702
04922.wav,16006
04923.wav,9460
04924.wav,53-952-
04925.wav,98655
04926.wav,9331
04927.wav,35
04928.wav,78383856
04929.wav,029
04930.wav,0
04931.wav,759
04932.wav,4578-251-
04933.wav,24
04934.wav,0
04935.wav,0
04936.wav,872
04937.wav,6
04938.wav,0
04939.wav,01
04940.wav,9
04941.wav,0
04942.wav,93
04943.wav,9991
04944.wav,1314
04945.wav,0
04946.wav,6
04947.wav,415
04948.wav,59
04949.wav,0
04950.wav,004144
04951.wav,0
04952.wav,32
04953.wav,32-058
04954.wav,3
04955.wav,975-8
04956.wav,26
04957.wav,4-
04958.wav,108-79
04959.wav,00
04960.wav,60
04961.wav,37671
04962.wav,10
04963.wav,309-99--36
04964.wav,424
04965.wav,180
04966.wav,010
04967.wav,0
04968.wav,743-01
04969.wav,1974
04970.wav,8133-54827
04971.wav,85-
04972.wav,44-
04973.wav,5807
04974.wav,37-4
04975.wav,1
04976.wav,0
04977.wav,432
04978.wav,867
04979.wav,61
04980.wav,0
04981.wav,6
04982.wav,106-109
04983.wav,06311118
04984.wav,7435
04985.wav,2
04986.wav,2
04987.wav,0
04988.wav,1111110
04989.wav,121
04990.wav,857
04991.wav,0
04992.wav,8
04993.wav,09947
04994.wav,18
04995.wav,42
04996.wav,3465
04997.wav,2233
04998.wav,8
04999.wav,01
